timestamp,temp_c,humidity_pct
2025-10-03 00:00:00,9.89,82.3
2025-10-03 01:00:00,7.03,86.5
2025-10-03 02:00:00,7.5,82.3
2025-10-03 03:00:00,8.24,80.6
2025-10-03 04:00:00,7.72,80.6
2025-10-03 05:00:00,8.24,76.0
2025-10-03 06:00:00,9.21,80.9
2025-10-03 07:00:00,11.45,70.4
2025-10-03 08:00:00,12.82,77.3
2025-10-03 09:00:00,12.51,75.9
2025-10-03 10:00:00,13.98,60.7
2025-10-03 11:00:00,19.68,56.9
2025-10-03 12:00:00,17.62,52.8
2025-10-03 13:00:00,20.21,51.4
2025-10-03 14:00:00,20.87,59.9
2025-10-03 15:00:00,18.11,58.2
2025-10-03 16:00:00,22.1,48.4
2025-10-03 17:00:00,19.71,51.6
2025-10-03 18:00:00,18.54,61.9
2025-10-03 19:00:00,16.61,66.1
2025-10-03 20:00:00,15.76,64.4
2025-10-03 21:00:00,14.4,66.5
2025-10-03 22:00:00,9.97,66.3
2025-10-03 23:00:00,10.9,74.9
2025-10-04 00:00:00,9.09,73.7
2025-10-04 01:00:00,9.13,79.5
2025-10-04 02:00:00,7.87,84.7
2025-10-04 03:00:00,7.04,80.1
2025-10-04 04:00:00,9.05,74.0
2025-10-04 05:00:00,6.92,76.5
2025-10-04 06:00:00,7.71,77.5
2025-10-04 07:00:00,9.99,75.7
2025-10-04 08:00:00,11.39,68.4
2025-10-04 09:00:00,15.49,69.1
2025-10-04 10:00:00,13.76,61.8
2025-10-04 11:00:00,16.86,63.4
2025-10-04 12:00:00,16.95,63.4
2025-10-04 13:00:00,17.96,56.6
2025-10-04 14:00:00,21.55,55.2
2025-10-04 15:00:00,20.99,56.9
2025-10-04 16:00:00,21.65,53.9
2025-10-04 17:00:00,21.03,61.3
2025-10-04 18:00:00,18.27,56.8
2025-10-04 19:00:00,16.9,58.9
2025-10-04 20:00:00,17.81,69.8
2025-10-04 21:00:00,13.8,77.5
2025-10-04 22:00:00,11.3,67.7
2025-10-04 23:00:00,10.12,72.3
2025-10-05 00:00:00,11.08,71.6
2025-10-05 01:00:00,7.16,73.5
2025-10-05 02:00:00,7.85,80.2
2025-10-05 03:00:00,8.35,68.1
2025-10-05 04:00:00,6.9,78.2
2025-10-05 05:00:00,8.04,74.6
2025-10-05 06:00:00,10.43,79.4
2025-10-05 07:00:00,10.74,74.5
2025-10-05 08:00:00,12.32,74.3
2025-10-05 09:00:00,12.45,70.1
2025-10-05 10:00:00,15.73,64.6
2025-10-05 11:00:00,16.92,61.7
2025-10-05 12:00:00,18.63,59.4
2025-10-05 13:00:00,17.5,58.6
2025-10-05 14:00:00,,
2025-10-05 15:00:00,18.49,59.2
2025-10-05 16:00:00,21.04,53.3
2025-10-05 17:00:00,18.25,63.1
2025-10-05 18:00:00,18.32,57.1
2025-10-05 19:00:00,17.31,67.7
2025-10-05 20:00:00,14.27,63.6
2025-10-05 21:00:00,13.51,66.6
2025-10-05 22:00:00,11.67,72.0
2025-10-05 23:00:00,11.19,74.4
2025-10-06 00:00:00,10.5,74.6
2025-10-06 01:00:00,9.59,75.5
2025-10-06 02:00:00,6.45,83.4
2025-10-06 03:00:00,6.15,86.1
2025-10-06 04:00:00,8.99,79.5
2025-10-06 05:00:00,8.38,77.5
2025-10-06 06:00:00,9.83,80.0
2025-10-06 07:00:00,11.31,72.9
2025-10-06 08:00:00,11.24,76.7
2025-10-06 09:00:00,12.38,75.2
2025-10-06 10:00:00,16.32,64.3
2025-10-06 11:00:00,16.69,66.1
2025-10-06 12:00:00,18.44,62.3
2025-10-06 13:00:00,19.61,58.8
2025-10-06 14:00:00,20.5,50.2
2025-10-06 15:00:00,20.9,59.1
2025-10-06 16:00:00,21.68,56.9
2025-10-06 17:00:00,20.0,58.4
2025-10-06 18:00:00,19.51,61.3
2025-10-06 19:00:00,15.47,56.6
2025-10-06 20:00:00,15.36,62.5
2025-10-06 21:00:00,13.17,71.6
2025-10-06 22:00:00,10.56,75.0
2025-10-06 23:00:00,9.87,73.0
2025-10-07 00:00:00,9.26,83.0
2025-10-07 01:00:00,8.51,83.2
2025-10-07 02:00:00,6.8,80.2
2025-10-07 03:00:00,6.59,83.8
2025-10-07 04:00:00,6.96,74.6
2025-10-07 05:00:00,9.66,78.1
2025-10-07 06:00:00,10.54,79.5
2025-10-07 07:00:00,8.59,86.0
2025-10-07 08:00:00,10.86,77.5
2025-10-07 09:00:00,14.33,65.0
2025-10-07 10:00:00,14.9,65.8
2025-10-07 11:00:00,16.7,66.0
2025-10-07 12:00:00,19.18,64.4
2025-10-07 13:00:00,19.95,57.2
2025-10-07 14:00:00,17.4,57.0
2025-10-07 15:00:00,19.08,57.9
2025-10-07 16:00:00,20.22,55.7
2025-10-07 17:00:00,19.79,56.3
2025-10-07 18:00:00,16.45,69.5
2025-10-07 19:00:00,17.71,55.9
2025-10-07 20:00:00,14.97,60.0
2025-10-07 21:00:00,11.42,64.3
2025-10-07 22:00:00,13.1,71.4
2025-10-07 23:00:00,9.4,72.7
2025-10-08 00:00:00,7.19,78.3
2025-10-08 01:00:00,8.5,78.7
2025-10-08 02:00:00,7.23,75.9
2025-10-08 03:00:00,6.89,79.5
2025-10-08 04:00:00,5.89,75.2
2025-10-08 05:00:00,8.24,77.2
2025-10-08 06:00:00,9.04,71.2
2025-10-08 07:00:00,10.65,74.2
2025-10-08 08:00:00,11.91,73.7
2025-10-08 09:00:00,13.39,69.1
2025-10-08 10:00:00,16.47,70.5
2025-10-08 11:00:00,16.92,63.0
2025-10-08 12:00:00,19.38,62.2
2025-10-08 13:00:00,18.43,56.1
2025-10-08 14:00:00,20.2,53.2
2025-10-08 15:00:00,20.17,58.4
2025-10-08 16:00:00,20.79,58.6
2025-10-08 17:00:00,19.48,54.6
2025-10-08 18:00:00,17.41,57.0
2025-10-08 19:00:00,,
2025-10-08 20:00:00,17.31,63.6
2025-10-08 21:00:00,13.97,71.7
2025-10-08 22:00:00,10.57,66.0
2025-10-08 23:00:00,10.23,75.8
2025-10-09 00:00:00,8.56,84.8
2025-10-09 01:00:00,,
2025-10-09 02:00:00,5.45,83.1
2025-10-09 03:00:00,7.89,78.7
2025-10-09 04:00:00,8.07,80.9
2025-10-09 05:00:00,6.57,81.6
2025-10-09 06:00:00,9.47,82.8
2025-10-09 07:00:00,9.12,77.5
2025-10-09 08:00:00,11.1,66.6
2025-10-09 09:00:00,14.77,65.7
2025-10-09 10:00:00,16.45,60.0
2025-10-09 11:00:00,15.93,67.1
2025-10-09 12:00:00,19.65,62.2
2025-10-09 13:00:00,18.85,65.8
2025-10-09 14:00:00,19.58,51.1
2025-10-09 15:00:00,21.06,55.8
2025-10-09 16:00:00,19.37,58.8
2025-10-09 17:00:00,17.57,54.1
2025-10-09 18:00:00,17.28,57.1
2025-10-09 19:00:00,14.84,62.7
2025-10-09 20:00:00,14.91,59.8
2025-10-09 21:00:00,12.72,70.8
2025-10-09 22:00:00,10.07,73.9
2025-10-09 23:00:00,9.11,75.5
2025-10-10 00:00:00,8.82,71.9
2025-10-10 01:00:00,8.28,74.7
2025-10-10 02:00:00,8.56,82.3
2025-10-10 03:00:00,9.55,86.6
2025-10-10 04:00:00,7.83,72.9
2025-10-10 05:00:00,8.24,75.4
2025-10-10 06:00:00,7.99,77.0
2025-10-10 07:00:00,11.55,68.9
2025-10-10 08:00:00,12.75,70.2
2025-10-10 09:00:00,12.22,69.6
2025-10-10 10:00:00,15.54,73.4
2025-10-10 11:00:00,14.12,62.9
2025-10-10 12:00:00,16.7,63.4
2025-10-10 13:00:00,20.24,53.8
2025-10-10 14:00:00,19.75,56.5
2025-10-10 15:00:00,19.77,49.1
2025-10-10 16:00:00,18.2,53.2
2025-10-10 17:00:00,17.24,57.7
2025-10-10 18:00:00,18.3,51.5
2025-10-10 19:00:00,16.93,52.8
2025-10-10 20:00:00,13.49,64.4
2025-10-10 21:00:00,13.03,72.5
2025-10-10 22:00:00,12.63,69.9
2025-10-10 23:00:00,11.73,75.0
2025-10-11 00:00:00,8.75,84.4
2025-10-11 01:00:00,6.97,84.1
2025-10-11 02:00:00,7.38,78.9
2025-10-11 03:00:00,6.16,78.6
2025-10-11 04:00:00,6.77,71.5
2025-10-11 05:00:00,6.65,74.1
2025-10-11 06:00:00,10.02,80.1
2025-10-11 07:00:00,10.25,79.9
2025-10-11 08:00:00,12.41,64.7
2025-10-11 09:00:00,11.59,69.4
2025-10-11 10:00:00,13.46,62.7
2025-10-11 11:00:00,18.65,60.7
2025-10-11 12:00:00,17.8,56.8
2025-10-11 13:00:00,19.86,59.0
2025-10-11 14:00:00,19.6,54.9
2025-10-11 15:00:00,20.3,63.3
2025-10-11 16:00:00,19.63,50.8
2025-10-11 17:00:00,17.96,53.4
2025-10-11 18:00:00,18.02,57.4
2025-10-11 19:00:00,15.41,66.2
2025-10-11 20:00:00,13.2,65.4
2025-10-11 21:00:00,14.14,69.5
2025-10-11 22:00:00,10.92,79.1
2025-10-11 23:00:00,10.69,72.3
2025-10-12 00:00:00,9.76,78.4
2025-10-12 01:00:00,6.46,79.8
2025-10-12 02:00:00,7.09,78.5
2025-10-12 03:00:00,6.29,81.3
2025-10-12 04:00:00,3.35,79.9
2025-10-12 05:00:00,8.39,73.4
2025-10-12 06:00:00,8.87,75.5
2025-10-12 07:00:00,11.07,77.1
2025-10-12 08:00:00,12.51,70.8
2025-10-12 09:00:00,13.86,73.1
2025-10-12 10:00:00,17.32,62.2
2025-10-12 11:00:00,16.94,61.4
2025-10-12 12:00:00,16.88,63.3
2025-10-12 13:00:00,19.97,57.5
2025-10-12 14:00:00,18.94,58.6
2025-10-12 15:00:00,20.85,51.6
2025-10-12 16:00:00,19.47,55.4
2025-10-12 17:00:00,18.27,47.9
2025-10-12 18:00:00,17.07,60.0
2025-10-12 19:00:00,16.83,69.1
2025-10-12 20:00:00,16.23,69.2
2025-10-12 21:00:00,13.26,71.5
2025-10-12 22:00:00,12.82,73.8
2025-10-12 23:00:00,10.32,79.5
2025-10-13 00:00:00,9.14,76.0
2025-10-13 01:00:00,,
2025-10-13 02:00:00,5.78,79.0
2025-10-13 03:00:00,5.23,82.3
2025-10-13 04:00:00,7.89,81.3
2025-10-13 05:00:00,7.58,77.3
2025-10-13 06:00:00,9.44,80.1
2025-10-13 07:00:00,8.21,76.4
2025-10-13 08:00:00,10.29,68.4
2025-10-13 09:00:00,12.94,65.9
2025-10-13 10:00:00,17.56,63.8
2025-10-13 11:00:00,16.37,57.9
2025-10-13 12:00:00,15.97,58.4
2025-10-13 13:00:00,18.64,54.0
2025-10-13 14:00:00,17.45,55.6
2025-10-13 15:00:00,19.07,54.8
2025-10-13 16:00:00,19.2,54.5
2025-10-13 17:00:00,19.99,59.4
2025-10-13 18:00:00,15.5,56.8
2025-10-13 19:00:00,15.71,65.0
2025-10-13 20:00:00,14.22,73.6
2025-10-13 21:00:00,12.95,70.4
2025-10-13 22:00:00,11.29,68.0
2025-10-13 23:00:00,7.35,82.1
2025-10-14 00:00:00,8.46,76.9
2025-10-14 01:00:00,7.56,87.6
2025-10-14 02:00:00,6.64,72.2
2025-10-14 03:00:00,7.28,76.4
2025-10-14 04:00:00,6.56,84.2
2025-10-14 05:00:00,7.52,78.0
2025-10-14 06:00:00,7.06,77.6
2025-10-14 07:00:00,10.99,71.8
2025-10-14 08:00:00,10.11,75.6
2025-10-14 09:00:00,11.58,70.1
2025-10-14 10:00:00,15.61,61.0
2025-10-14 11:00:00,15.61,65.6
2025-10-14 12:00:00,18.96,58.7
2025-10-14 13:00:00,17.42,62.4
2025-10-14 14:00:00,17.78,59.6
2025-10-14 15:00:00,20.32,56.1
2025-10-14 16:00:00,19.72,54.0
2025-10-14 17:00:00,19.74,57.1
2025-10-14 18:00:00,16.17,57.2
2025-10-14 19:00:00,14.07,59.8
2025-10-14 20:00:00,14.8,59.9
2025-10-14 21:00:00,14.0,73.1
2025-10-14 22:00:00,10.49,67.9
2025-10-14 23:00:00,11.5,73.7
2025-10-15 00:00:00,9.81,79.7
2025-10-15 01:00:00,6.3,81.3
2025-10-15 02:00:00,6.82,80.1
2025-10-15 03:00:00,5.17,81.7
2025-10-15 04:00:00,3.97,79.5
2025-10-15 05:00:00,5.73,81.9
2025-10-15 06:00:00,8.21,75.5
2025-10-15 07:00:00,9.51,71.9
2025-10-15 08:00:00,9.83,76.1
2025-10-15 09:00:00,10.92,67.4
2025-10-15 10:00:00,16.44,60.4
2025-10-15 11:00:00,16.96,60.0
2025-10-15 12:00:00,19.07,54.7
2025-10-15 13:00:00,18.97,65.2
2025-10-15 14:00:00,18.55,56.4
2025-10-15 15:00:00,17.02,52.5
2025-10-15 16:00:00,18.87,57.2
2025-10-15 17:00:00,19.25,57.5
2025-10-15 18:00:00,18.11,56.3
2025-10-15 19:00:00,17.37,60.7
2025-10-15 20:00:00,13.82,72.0
2025-10-15 21:00:00,11.87,66.1
2025-10-15 22:00:00,10.71,66.3
2025-10-15 23:00:00,9.12,77.3
2025-10-16 00:00:00,9.11,75.8
2025-10-16 01:00:00,8.1,68.6
2025-10-16 02:00:00,8.43,81.5
2025-10-16 03:00:00,3.46,80.0
2025-10-16 04:00:00,5.92,79.6
2025-10-16 05:00:00,8.51,77.6
2025-10-16 06:00:00,7.07,79.7
2025-10-16 07:00:00,9.87,74.1
2025-10-16 08:00:00,11.43,67.3
2025-10-16 09:00:00,13.02,67.2
2025-10-16 10:00:00,13.19,62.4
2025-10-16 11:00:00,17.31,57.7
2025-10-16 12:00:00,16.19,54.3
2025-10-16 13:00:00,18.21,51.6
2025-10-16 14:00:00,21.07,56.6
2025-10-16 15:00:00,19.48,59.0
2025-10-16 16:00:00,18.29,59.7
2025-10-16 17:00:00,19.27,59.0
2025-10-16 18:00:00,19.98,52.2
2025-10-16 19:00:00,15.52,62.0
2025-10-16 20:00:00,13.57,61.4
2025-10-16 21:00:00,9.98,67.9
2025-10-16 22:00:00,10.89,71.8
2025-10-16 23:00:00,8.15,66.2
2025-10-17 00:00:00,8.44,74.4
2025-10-17 01:00:00,9.98,76.6
2025-10-17 02:00:00,7.06,81.0
2025-10-17 03:00:00,4.8,76.8
2025-10-17 04:00:00,7.48,76.2
2025-10-17 05:00:00,8.17,70.8
2025-10-17 06:00:00,7.34,73.8
2025-10-17 07:00:00,7.25,72.5
2025-10-17 08:00:00,11.61,71.3
2025-10-17 09:00:00,13.29,69.6
2025-10-17 10:00:00,14.95,60.3
2025-10-17 11:00:00,16.09,68.6
2025-10-17 12:00:00,17.49,61.8
2025-10-17 13:00:00,19.06,60.0
2025-10-17 14:00:00,17.0,56.2
2025-10-17 15:00:00,20.28,54.6
2025-10-17 16:00:00,17.78,58.4
2025-10-17 17:00:00,19.28,61.2
2025-10-17 18:00:00,14.9,55.7
2025-10-17 19:00:00,15.99,63.2
2025-10-17 20:00:00,14.57,69.7
2025-10-17 21:00:00,9.76,68.4
2025-10-17 22:00:00,9.79,74.0
2025-10-17 23:00:00,7.78,73.8
2025-10-18 00:00:00,9.75,80.0
2025-10-18 01:00:00,6.48,76.0
2025-10-18 02:00:00,5.9,82.8
2025-10-18 03:00:00,5.91,86.7
2025-10-18 04:00:00,7.79,76.6
2025-10-18 05:00:00,6.84,76.0
2025-10-18 06:00:00,9.3,74.3
2025-10-18 07:00:00,8.1,77.2
2025-10-18 08:00:00,8.31,72.8
2025-10-18 09:00:00,11.89,64.7
2025-10-18 10:00:00,13.78,64.2
2025-10-18 11:00:00,16.01,54.2
2025-10-18 12:00:00,16.6,57.7
2025-10-18 13:00:00,17.22,50.8
2025-10-18 14:00:00,18.61,64.8
2025-10-18 15:00:00,17.44,60.3
2025-10-18 16:00:00,18.4,54.2
2025-10-18 17:00:00,19.67,66.8
2025-10-18 18:00:00,16.95,57.8
2025-10-18 19:00:00,15.51,61.0
2025-10-18 20:00:00,14.92,60.0
2025-10-18 21:00:00,11.49,70.4
2025-10-18 22:00:00,12.4,65.9
2025-10-18 23:00:00,9.17,74.4
2025-10-19 00:00:00,10.05,74.9
2025-10-19 01:00:00,7.47,70.5
2025-10-19 02:00:00,5.24,75.2
2025-10-19 03:00:00,4.71,74.5
2025-10-19 04:00:00,6.66,79.6
2025-10-19 05:00:00,7.04,77.6
2025-10-19 06:00:00,9.9,81.8
2025-10-19 07:00:00,9.87,81.5
2025-10-19 08:00:00,11.08,72.0
2025-10-19 09:00:00,,
2025-10-19 10:00:00,14.94,63.0
2025-10-19 11:00:00,15.93,73.7
2025-10-19 12:00:00,17.4,56.4
2025-10-19 13:00:00,15.83,56.8
2025-10-19 14:00:00,18.78,59.1
2025-10-19 15:00:00,19.19,55.5
2025-10-19 16:00:00,17.68,61.4
2025-10-19 17:00:00,,
2025-10-19 18:00:00,17.53,57.9
2025-10-19 19:00:00,15.86,64.3
2025-10-19 20:00:00,15.02,72.4
2025-10-19 21:00:00,11.82,67.5
2025-10-19 22:00:00,10.66,65.0
2025-10-19 23:00:00,8.7,71.5
2025-10-20 00:00:00,8.16,77.5
2025-10-20 01:00:00,5.32,71.7
2025-10-20 02:00:00,6.65,79.0
2025-10-20 03:00:00,5.36,79.5
2025-10-20 04:00:00,6.45,81.6
2025-10-20 05:00:00,6.9,72.7
2025-10-20 06:00:00,8.16,71.8
2025-10-20 07:00:00,10.77,79.4
2025-10-20 08:00:00,11.96,72.6
2025-10-20 09:00:00,9.92,75.9
2025-10-20 10:00:00,15.67,59.4
2025-10-20 11:00:00,13.33,64.8
2025-10-20 12:00:00,17.77,58.4
2025-10-20 13:00:00,18.46,58.7
2025-10-20 14:00:00,18.5,52.9
2025-10-20 15:00:00,17.6,49.7
2025-10-20 16:00:00,18.47,57.8
2025-10-20 17:00:00,17.53,55.0
2025-10-20 18:00:00,17.71,63.1
2025-10-20 19:00:00,16.41,63.7
2025-10-20 20:00:00,13.32,65.0
2025-10-20 21:00:00,11.12,66.4
2025-10-20 22:00:00,8.79,70.9
2025-10-20 23:00:00,9.02,76.2
2025-10-21 00:00:00,6.72,86.2
2025-10-21 01:00:00,7.22,86.1
2025-10-21 02:00:00,4.58,81.4
2025-10-21 03:00:00,6.0,82.0
2025-10-21 04:00:00,6.29,83.7
2025-10-21 05:00:00,6.62,77.5
2025-10-21 06:00:00,8.6,77.2
2025-10-21 07:00:00,7.63,73.7
2025-10-21 08:00:00,9.02,68.9
2025-10-21 09:00:00,14.94,68.0
2025-10-21 10:00:00,14.44,57.3
2025-10-21 11:00:00,15.79,54.7
2025-10-21 12:00:00,17.24,62.8
2025-10-21 13:00:00,16.08,57.8
2025-10-21 14:00:00,19.87,57.0
2025-10-21 15:00:00,16.67,51.4
2025-10-21 16:00:00,17.74,54.8
2025-10-21 17:00:00,19.04,57.2
2025-10-21 18:00:00,14.94,65.7
2025-10-21 19:00:00,16.66,65.0
2025-10-21 20:00:00,13.46,68.6
2025-10-21 21:00:00,12.2,70.4
2025-10-21 22:00:00,10.21,72.0
2025-10-21 23:00:00,8.02,70.3
2025-10-22 00:00:00,8.17,75.2
2025-10-22 01:00:00,5.82,74.1
2025-10-22 02:00:00,5.46,76.4
2025-10-22 03:00:00,5.66,80.0
2025-10-22 04:00:00,7.21,82.0
2025-10-22 05:00:00,6.43,76.0
2025-10-22 06:00:00,6.08,69.5
2025-10-22 07:00:00,9.72,75.8
2025-10-22 08:00:00,11.85,65.7
2025-10-22 09:00:00,12.41,69.5
2025-10-22 10:00:00,14.15,62.7
2025-10-22 11:00:00,16.54,62.8
2025-10-22 12:00:00,15.75,54.2
2025-10-22 13:00:00,16.77,61.1
2025-10-22 14:00:00,18.46,58.6
2025-10-22 15:00:00,18.6,59.4
2025-10-22 16:00:00,18.13,53.1
2025-10-22 17:00:00,18.89,58.7
2025-10-22 18:00:00,16.19,61.5
2025-10-22 19:00:00,15.27,61.4
2025-10-22 20:00:00,12.15,65.3
2025-10-22 21:00:00,12.91,68.4
2025-10-22 22:00:00,10.59,66.6
2025-10-22 23:00:00,9.11,76.4
2025-10-23 00:00:00,6.95,83.8
2025-10-23 01:00:00,4.37,78.3
2025-10-23 02:00:00,4.91,73.8
2025-10-23 03:00:00,6.32,78.6
2025-10-23 04:00:00,6.01,77.7
2025-10-23 05:00:00,7.54,79.1
2025-10-23 06:00:00,6.65,76.4
2025-10-23 07:00:00,7.31,75.9
2025-10-23 08:00:00,11.54,69.5
2025-10-23 09:00:00,11.98,68.9
2025-10-23 10:00:00,13.34,63.6
2025-10-23 11:00:00,16.52,66.1
2025-10-23 12:00:00,16.32,57.7
2025-10-23 13:00:00,19.54,55.3
2025-10-23 14:00:00,18.83,54.1
2025-10-23 15:00:00,19.32,58.9
2025-10-23 16:00:00,,
2025-10-23 17:00:00,18.97,62.9
2025-10-23 18:00:00,17.8,64.3
2025-10-23 19:00:00,17.04,64.8
2025-10-23 20:00:00,12.52,60.5
2025-10-23 21:00:00,10.69,66.6
2025-10-23 22:00:00,10.89,72.0
2025-10-23 23:00:00,8.8,74.6
2025-10-24 00:00:00,6.79,75.9
2025-10-24 01:00:00,7.37,78.4
2025-10-24 02:00:00,6.87,70.7
2025-10-24 03:00:00,5.41,76.3
2025-10-24 04:00:00,5.88,84.8
2025-10-24 05:00:00,6.38,67.8
2025-10-24 06:00:00,7.74,72.1
2025-10-24 07:00:00,8.14,76.0
2025-10-24 08:00:00,7.86,72.1
2025-10-24 09:00:00,,
2025-10-24 10:00:00,13.82,63.9
2025-10-24 11:00:00,16.35,63.4
2025-10-24 12:00:00,16.09,62.0
2025-10-24 13:00:00,17.5,64.3
2025-10-24 14:00:00,17.75,61.6
2025-10-24 15:00:00,15.94,61.1
2025-10-24 16:00:00,17.95,57.8
2025-10-24 17:00:00,18.06,53.7
2025-10-24 18:00:00,17.67,56.5
2025-10-24 19:00:00,15.78,59.6
2025-10-24 20:00:00,12.75,62.4
2025-10-24 21:00:00,11.52,68.3
2025-10-24 22:00:00,12.13,68.9
2025-10-24 23:00:00,7.89,66.6
2025-10-25 00:00:00,7.74,75.8
2025-10-25 01:00:00,5.52,72.0
2025-10-25 02:00:00,5.17,82.4
2025-10-25 03:00:00,5.77,85.8
2025-10-25 04:00:00,6.92,74.9
2025-10-25 05:00:00,5.98,83.9
2025-10-25 06:00:00,7.57,73.5
2025-10-25 07:00:00,6.44,69.9
2025-10-25 08:00:00,12.68,72.5
2025-10-25 09:00:00,11.03,69.8
2025-10-25 10:00:00,15.02,73.6
2025-10-25 11:00:00,15.86,62.2
2025-10-25 12:00:00,15.14,61.3
2025-10-25 13:00:00,18.29,58.4
2025-10-25 14:00:00,19.49,60.7
2025-10-25 15:00:00,18.01,56.5
2025-10-25 16:00:00,17.68,56.2
2025-10-25 17:00:00,19.03,53.9
2025-10-25 18:00:00,16.66,60.6
2025-10-25 19:00:00,14.83,63.0
2025-10-25 20:00:00,14.64,65.4
2025-10-25 21:00:00,10.65,72.0
2025-10-25 22:00:00,11.46,62.5
2025-10-25 23:00:00,8.03,72.1
2025-10-26 00:00:00,6.62,73.9
2025-10-26 01:00:00,6.91,79.2
2025-10-26 02:00:00,5.74,81.2
2025-10-26 03:00:00,7.93,81.0
2025-10-26 04:00:00,4.48,76.7
2025-10-26 05:00:00,7.49,85.9
2025-10-26 06:00:00,8.09,79.2
2025-10-26 07:00:00,7.76,70.5
2025-10-26 08:00:00,10.54,64.1
2025-10-26 09:00:00,10.81,67.0
2025-10-26 10:00:00,15.79,63.7
2025-10-26 11:00:00,13.82,63.6
2025-10-26 12:00:00,16.38,63.5
2025-10-26 13:00:00,17.16,52.1
2025-10-26 14:00:00,16.82,54.6
2025-10-26 15:00:00,19.26,51.7
2025-10-26 16:00:00,17.87,47.9
2025-10-26 17:00:00,16.87,56.7
2025-10-26 18:00:00,16.75,64.1
2025-10-26 19:00:00,15.94,60.9
2025-10-26 20:00:00,14.39,59.4
2025-10-26 21:00:00,11.03,71.9
2025-10-26 22:00:00,7.53,76.4
2025-10-26 23:00:00,8.5,72.2
2025-10-27 00:00:00,8.44,80.2
2025-10-27 01:00:00,5.08,79.7
2025-10-27 02:00:00,5.63,73.3
2025-10-27 03:00:00,3.84,80.3
2025-10-27 04:00:00,7.28,82.1
2025-10-27 05:00:00,5.7,70.4
2025-10-27 06:00:00,8.24,82.0
2025-10-27 07:00:00,8.72,75.0
2025-10-27 08:00:00,10.04,74.5
2025-10-27 09:00:00,14.66,71.6
2025-10-27 10:00:00,13.53,62.7
2025-10-27 11:00:00,16.6,60.4
2025-10-27 12:00:00,16.93,61.7
2025-10-27 13:00:00,16.74,59.8
2025-10-27 14:00:00,16.05,57.4
2025-10-27 15:00:00,16.15,50.5
2025-10-27 16:00:00,19.64,60.1
2025-10-27 17:00:00,17.09,56.4
2025-10-27 18:00:00,15.28,52.6
2025-10-27 19:00:00,14.61,58.2
2025-10-27 20:00:00,11.19,66.8
2025-10-27 21:00:00,11.84,64.0
2025-10-27 22:00:00,11.44,73.9
2025-10-27 23:00:00,9.87,76.0
2025-10-28 00:00:00,5.47,82.6
2025-10-28 01:00:00,7.08,82.4
2025-10-28 02:00:00,8.26,83.5
2025-10-28 03:00:00,3.34,78.8
2025-10-28 04:00:00,6.34,84.9
2025-10-28 05:00:00,5.08,71.5
2025-10-28 06:00:00,7.04,78.9
2025-10-28 07:00:00,,
2025-10-28 08:00:00,8.36,73.5
2025-10-28 09:00:00,11.64,69.7
2025-10-28 10:00:00,13.46,63.3
2025-10-28 11:00:00,15.52,62.7
2025-10-28 12:00:00,16.69,47.9
2025-10-28 13:00:00,17.98,57.1
2025-10-28 14:00:00,16.53,48.8
2025-10-28 15:00:00,17.59,57.7
2025-10-28 16:00:00,16.17,63.1
2025-10-28 17:00:00,16.93,56.1
2025-10-28 18:00:00,17.38,55.1
2025-10-28 19:00:00,14.01,64.8
2025-10-28 20:00:00,12.36,63.6
2025-10-28 21:00:00,10.95,72.8
2025-10-28 22:00:00,11.03,75.1
2025-10-28 23:00:00,9.26,75.2
2025-10-29 00:00:00,7.68,74.3
2025-10-29 01:00:00,6.09,81.3
2025-10-29 02:00:00,4.64,81.9
2025-10-29 03:00:00,6.32,81.3
2025-10-29 04:00:00,4.37,79.4
2025-10-29 05:00:00,7.39,78.2
2025-10-29 06:00:00,8.6,76.8
2025-10-29 07:00:00,7.78,73.3
2025-10-29 08:00:00,9.5,74.2
2025-10-29 09:00:00,10.65,65.0
2025-10-29 10:00:00,12.33,62.8
2025-10-29 11:00:00,16.43,59.3
2025-10-29 12:00:00,14.6,60.2
2025-10-29 13:00:00,16.7,54.0
2025-10-29 14:00:00,19.17,52.0
2025-10-29 15:00:00,17.06,58.0
2025-10-29 16:00:00,18.38,50.8
2025-10-29 17:00:00,17.62,54.6
2025-10-29 18:00:00,15.11,61.1
2025-10-29 19:00:00,14.47,67.8
2025-10-29 20:00:00,12.34,70.6
2025-10-29 21:00:00,10.17,71.0
2025-10-29 22:00:00,11.48,70.0
2025-10-29 23:00:00,9.23,77.1
2025-10-30 00:00:00,8.79,82.6
2025-10-30 01:00:00,4.79,74.4
2025-10-30 02:00:00,6.49,77.8
2025-10-30 03:00:00,4.75,76.7
2025-10-30 04:00:00,5.62,82.9
2025-10-30 05:00:00,7.01,81.0
2025-10-30 06:00:00,6.54,71.8
2025-10-30 07:00:00,10.73,81.4
2025-10-30 08:00:00,10.76,66.9
2025-10-30 09:00:00,10.94,64.6
2025-10-30 10:00:00,15.64,64.6
2025-10-30 11:00:00,16.16,56.4
2025-10-30 12:00:00,15.43,54.8
2025-10-30 13:00:00,16.39,58.4
2025-10-30 14:00:00,17.27,50.5
2025-10-30 15:00:00,19.5,53.9
2025-10-30 16:00:00,19.03,56.2
2025-10-30 17:00:00,17.23,56.3
2025-10-30 18:00:00,14.54,55.0
2025-10-30 19:00:00,12.5,54.5
2025-10-30 20:00:00,14.45,67.0
2025-10-30 21:00:00,12.93,65.4
2025-10-30 22:00:00,9.47,66.1
2025-10-30 23:00:00,7.57,75.3
2025-10-31 00:00:00,6.96,77.8
2025-10-31 01:00:00,5.48,78.8
2025-10-31 02:00:00,3.86,72.8
2025-10-31 03:00:00,5.46,79.6
2025-10-31 04:00:00,6.87,80.5
2025-10-31 05:00:00,5.28,79.8
2025-10-31 06:00:00,6.75,78.7
2025-10-31 07:00:00,8.71,75.2
2025-10-31 08:00:00,11.69,72.0
2025-10-31 09:00:00,12.03,75.2
2025-10-31 10:00:00,12.07,61.5
2025-10-31 11:00:00,15.14,66.1
2025-10-31 12:00:00,16.86,62.5
2025-10-31 13:00:00,17.79,53.9
2025-10-31 14:00:00,18.64,62.9
2025-10-31 15:00:00,17.16,56.6
2025-10-31 16:00:00,18.07,58.4
2025-10-31 17:00:00,18.54,54.8
2025-10-31 18:00:00,15.05,59.6
2025-10-31 19:00:00,14.47,61.2
2025-10-31 20:00:00,12.57,60.4
2025-10-31 21:00:00,14.01,67.8
2025-10-31 22:00:00,9.28,62.3
2025-10-31 23:00:00,7.5,65.1
2025-11-01 00:00:00,7.19,81.3
2025-11-01 01:00:00,8.82,78.4
2025-11-01 02:00:00,6.24,80.4
2025-11-01 03:00:00,4.19,78.0
2025-11-01 04:00:00,4.81,85.0
2025-11-01 05:00:00,6.44,78.2
2025-11-01 06:00:00,5.48,77.0
2025-11-01 07:00:00,6.58,75.8
2025-11-01 08:00:00,9.89,74.1
2025-11-01 09:00:00,10.46,67.6
2025-11-01 10:00:00,14.4,60.8
2025-11-01 11:00:00,13.21,66.1
2025-11-01 12:00:00,17.87,61.8
2025-11-01 13:00:00,17.24,53.9
2025-11-01 14:00:00,18.88,56.9
2025-11-01 15:00:00,18.37,57.0
2025-11-01 16:00:00,18.08,59.3
2025-11-01 17:00:00,,
2025-11-01 18:00:00,17.15,54.3
2025-11-01 19:00:00,16.16,65.0
2025-11-01 20:00:00,14.32,66.4
2025-11-01 21:00:00,11.24,73.3
2025-11-01 22:00:00,8.76,67.2
2025-11-01 23:00:00,8.99,70.9
2025-11-02 00:00:00,6.99,80.4
2025-11-02 01:00:00,5.3,81.6
2025-11-02 02:00:00,5.08,78.6
2025-11-02 03:00:00,2.7,83.7
2025-11-02 04:00:00,5.39,79.2
2025-11-02 05:00:00,6.03,83.7
2025-11-02 06:00:00,6.22,79.4
2025-11-02 07:00:00,8.48,65.2
2025-11-02 08:00:00,9.65,70.0
2025-11-02 09:00:00,12.71,59.8
2025-11-02 10:00:00,12.98,64.2
2025-11-02 11:00:00,15.4,55.8
2025-11-02 12:00:00,15.27,62.4
2025-11-02 13:00:00,16.65,58.8
2025-11-02 14:00:00,17.43,51.9
2025-11-02 15:00:00,19.07,50.8
2025-11-02 16:00:00,17.32,60.5
2025-11-02 17:00:00,17.08,61.4
2025-11-02 18:00:00,16.39,64.9
2025-11-02 19:00:00,12.62,64.8
2025-11-02 20:00:00,12.54,66.7
2025-11-02 21:00:00,11.56,67.0
2025-11-02 22:00:00,,
2025-11-02 23:00:00,8.58,73.7
2025-11-03 00:00:00,6.49,70.3
2025-11-03 01:00:00,5.86,72.5
2025-11-03 02:00:00,6.88,74.2
2025-11-03 03:00:00,4.85,83.3
2025-11-03 04:00:00,4.18,80.3
2025-11-03 05:00:00,4.01,79.8
2025-11-03 06:00:00,8.15,77.5
2025-11-03 07:00:00,8.6,76.8
2025-11-03 08:00:00,9.25,62.4
2025-11-03 09:00:00,11.31,67.6
2025-11-03 10:00:00,14.74,64.0
2025-11-03 11:00:00,15.99,61.5
2025-11-03 12:00:00,15.97,51.2
2025-11-03 13:00:00,17.91,51.3
2025-11-03 14:00:00,17.87,48.8
2025-11-03 15:00:00,16.77,61.3
2025-11-03 16:00:00,16.17,50.2
2025-11-03 17:00:00,17.58,59.5
2025-11-03 18:00:00,15.02,52.5
2025-11-03 19:00:00,15.15,60.3
2025-11-03 20:00:00,,
2025-11-03 21:00:00,13.42,69.0
2025-11-03 22:00:00,10.47,73.4
2025-11-03 23:00:00,6.26,76.4
2025-11-04 00:00:00,5.15,77.6
2025-11-04 01:00:00,6.81,76.6
2025-11-04 02:00:00,5.07,81.0
2025-11-04 03:00:00,4.11,75.2
2025-11-04 04:00:00,5.21,71.6
2025-11-04 05:00:00,3.75,74.2
2025-11-04 06:00:00,7.87,76.4
2025-11-04 07:00:00,10.14,77.9
2025-11-04 08:00:00,,
2025-11-04 09:00:00,10.15,68.8
2025-11-04 10:00:00,13.8,63.2
2025-11-04 11:00:00,14.59,68.7
2025-11-04 12:00:00,16.0,55.3
2025-11-04 13:00:00,15.86,57.8
2025-11-04 14:00:00,18.03,54.8
2025-11-04 15:00:00,17.05,54.1
2025-11-04 16:00:00,17.19,53.0
2025-11-04 17:00:00,,
2025-11-04 18:00:00,15.5,55.1
2025-11-04 19:00:00,13.57,61.7
2025-11-04 20:00:00,12.15,64.2
2025-11-04 21:00:00,11.3,71.3
2025-11-04 22:00:00,10.24,64.2
2025-11-04 23:00:00,8.28,75.0
2025-11-05 00:00:00,5.43,77.4
2025-11-05 01:00:00,4.4,84.1
2025-11-05 02:00:00,6.8,77.4
2025-11-05 03:00:00,3.59,87.7
2025-11-05 04:00:00,6.74,74.9
2025-11-05 05:00:00,4.87,77.4
2025-11-05 06:00:00,6.12,77.5
2025-11-05 07:00:00,8.33,74.0
2025-11-05 08:00:00,9.8,74.8
2025-11-05 09:00:00,10.73,77.9
2025-11-05 10:00:00,11.85,68.1
2025-11-05 11:00:00,13.47,60.9
2025-11-05 12:00:00,14.99,62.3
2025-11-05 13:00:00,15.62,60.0
2025-11-05 14:00:00,16.27,55.6
2025-11-05 15:00:00,17.12,51.1
2025-11-05 16:00:00,17.53,50.4
2025-11-05 17:00:00,15.98,53.1
2025-11-05 18:00:00,15.89,64.6
2025-11-05 19:00:00,14.3,60.9
2025-11-05 20:00:00,,
2025-11-05 21:00:00,10.06,73.6
2025-11-05 22:00:00,9.56,63.4
2025-11-05 23:00:00,6.78,79.2
2025-11-06 00:00:00,6.35,82.8
2025-11-06 01:00:00,4.97,82.1
2025-11-06 02:00:00,2.77,81.7
2025-11-06 03:00:00,5.12,75.1
2025-11-06 04:00:00,4.59,82.9
2025-11-06 05:00:00,3.97,78.5
2025-11-06 06:00:00,6.59,75.7
2025-11-06 07:00:00,7.97,75.2
2025-11-06 08:00:00,9.53,70.5
2025-11-06 09:00:00,12.6,70.7
2025-11-06 10:00:00,12.26,69.9
2025-11-06 11:00:00,13.65,62.1
2025-11-06 12:00:00,13.69,54.9
2025-11-06 13:00:00,16.56,56.2
2025-11-06 14:00:00,17.26,51.0
2025-11-06 15:00:00,,
2025-11-06 16:00:00,18.4,54.7
2025-11-06 17:00:00,16.74,60.2
2025-11-06 18:00:00,15.23,60.3
2025-11-06 19:00:00,14.6,57.4
2025-11-06 20:00:00,12.88,65.7
2025-11-06 21:00:00,9.76,68.1
2025-11-06 22:00:00,9.93,72.9
2025-11-06 23:00:00,7.19,68.9
2025-11-07 00:00:00,8.57,76.3
2025-11-07 01:00:00,6.0,74.7
2025-11-07 02:00:00,5.68,78.9
2025-11-07 03:00:00,3.56,81.1
2025-11-07 04:00:00,,
2025-11-07 05:00:00,6.63,78.3
2025-11-07 06:00:00,6.3,81.9
2025-11-07 07:00:00,8.1,74.5
2025-11-07 08:00:00,8.96,63.4
2025-11-07 09:00:00,12.24,73.1
2025-11-07 10:00:00,13.56,62.9
2025-11-07 11:00:00,15.08,63.5
2025-11-07 12:00:00,13.77,59.0
2025-11-07 13:00:00,17.37,54.7
2025-11-07 14:00:00,16.63,54.7
2025-11-07 15:00:00,18.16,55.1
2025-11-07 16:00:00,17.34,57.2
2025-11-07 17:00:00,16.76,53.9
2025-11-07 18:00:00,14.65,61.4
2025-11-07 19:00:00,11.82,63.9
2025-11-07 20:00:00,10.58,65.5
2025-11-07 21:00:00,7.93,73.2
2025-11-07 22:00:00,9.15,72.1
2025-11-07 23:00:00,8.91,76.9
2025-11-08 00:00:00,6.73,72.6
2025-11-08 01:00:00,6.08,74.6
2025-11-08 02:00:00,4.41,82.5
2025-11-08 03:00:00,,
2025-11-08 04:00:00,5.52,76.2
2025-11-08 05:00:00,3.36,80.7
2025-11-08 06:00:00,6.8,89.9
2025-11-08 07:00:00,8.27,78.7
2025-11-08 08:00:00,10.96,71.7
2025-11-08 09:00:00,11.78,58.2
2025-11-08 10:00:00,12.22,63.6
2025-11-08 11:00:00,13.81,55.5
2025-11-08 12:00:00,15.9,62.9
2025-11-08 13:00:00,16.97,57.5
2025-11-08 14:00:00,18.44,54.0
2025-11-08 15:00:00,17.09,63.0
2025-11-08 16:00:00,17.58,57.0
2025-11-08 17:00:00,15.25,55.2
2025-11-08 18:00:00,14.7,54.1
2025-11-08 19:00:00,13.75,63.8
2025-11-08 20:00:00,12.76,63.2
2025-11-08 21:00:00,10.48,68.1
2025-11-08 22:00:00,8.65,71.5
2025-11-08 23:00:00,6.56,72.5
2025-11-09 00:00:00,5.27,69.3
2025-11-09 01:00:00,4.38,79.8
2025-11-09 02:00:00,4.88,85.7
2025-11-09 03:00:00,4.7,79.8
2025-11-09 04:00:00,5.18,79.8
2025-11-09 05:00:00,5.49,87.6
2025-11-09 06:00:00,4.74,70.8
2025-11-09 07:00:00,7.97,67.1
2025-11-09 08:00:00,10.16,70.1
2025-11-09 09:00:00,11.9,69.0
2025-11-09 10:00:00,11.26,65.1
2025-11-09 11:00:00,15.7,63.0
2025-11-09 12:00:00,15.33,60.7
2025-11-09 13:00:00,15.02,53.9
2025-11-09 14:00:00,18.0,59.2
2025-11-09 15:00:00,18.08,62.5
2025-11-09 16:00:00,,
2025-11-09 17:00:00,17.11,59.4
2025-11-09 18:00:00,14.8,64.1
2025-11-09 19:00:00,13.8,62.0
2025-11-09 20:00:00,10.89,65.9
2025-11-09 21:00:00,9.97,66.4
2025-11-09 22:00:00,8.32,72.2
2025-11-09 23:00:00,5.48,75.2
2025-11-10 00:00:00,6.42,81.3
2025-11-10 01:00:00,5.65,81.7
2025-11-10 02:00:00,2.66,74.5
2025-11-10 03:00:00,5.16,88.9
2025-11-10 04:00:00,3.63,82.6
2025-11-10 05:00:00,4.62,81.2
2025-11-10 06:00:00,5.65,80.1
2025-11-10 07:00:00,6.57,76.3
2025-11-10 08:00:00,8.01,70.3
2025-11-10 09:00:00,10.4,66.2
2025-11-10 10:00:00,12.41,68.8
2025-11-10 11:00:00,12.82,67.4
2025-11-10 12:00:00,13.14,69.2
2025-11-10 13:00:00,14.38,59.5
2025-11-10 14:00:00,17.19,57.5
2025-11-10 15:00:00,17.27,48.0
2025-11-10 16:00:00,17.13,50.8
2025-11-10 17:00:00,16.54,55.8
2025-11-10 18:00:00,14.13,61.2
2025-11-10 19:00:00,13.18,66.6
2025-11-10 20:00:00,12.61,64.0
2025-11-10 21:00:00,9.63,73.3
2025-11-10 22:00:00,9.86,67.4
2025-11-10 23:00:00,5.58,77.3
2025-11-11 00:00:00,,
2025-11-11 01:00:00,5.25,74.7
2025-11-11 02:00:00,3.82,76.5
2025-11-11 03:00:00,2.69,87.5
2025-11-11 04:00:00,3.12,85.9
2025-11-11 05:00:00,4.31,79.0
2025-11-11 06:00:00,5.21,76.6
2025-11-11 07:00:00,7.14,76.8
2025-11-11 08:00:00,8.68,76.2
2025-11-11 09:00:00,12.02,70.2
2025-11-11 10:00:00,14.29,71.4
2025-11-11 11:00:00,12.41,60.4
2025-11-11 12:00:00,16.22,63.2
2025-11-11 13:00:00,16.09,57.5
2025-11-11 14:00:00,17.8,55.0
2025-11-11 15:00:00,18.39,57.0
2025-11-11 16:00:00,18.24,49.2
2025-11-11 17:00:00,14.91,57.1
2025-11-11 18:00:00,14.34,61.4
2025-11-11 19:00:00,14.11,63.9
2025-11-11 20:00:00,11.1,70.4
2025-11-11 21:00:00,10.43,68.6
2025-11-11 22:00:00,6.79,69.0
2025-11-11 23:00:00,7.03,67.0
2025-11-12 00:00:00,4.67,82.1
2025-11-12 01:00:00,5.57,79.9
2025-11-12 02:00:00,2.94,82.8
2025-11-12 03:00:00,4.5,82.1
2025-11-12 04:00:00,4.73,80.0
2025-11-12 05:00:00,4.16,75.7
2025-11-12 06:00:00,5.05,66.2
2025-11-12 07:00:00,7.3,73.6
2025-11-12 08:00:00,9.91,63.5
2025-11-12 09:00:00,10.32,70.5
2025-11-12 10:00:00,12.39,64.8
2025-11-12 11:00:00,13.31,55.6
2025-11-12 12:00:00,14.08,64.7
2025-11-12 13:00:00,18.43,57.0
2025-11-12 14:00:00,15.2,48.3
2025-11-12 15:00:00,17.45,54.4
2025-11-12 16:00:00,16.91,61.2
2025-11-12 17:00:00,15.55,56.7
2025-11-12 18:00:00,14.19,61.6
2025-11-12 19:00:00,13.29,65.0
2025-11-12 20:00:00,13.94,66.0
2025-11-12 21:00:00,9.53,71.5
2025-11-12 22:00:00,7.51,68.8
2025-11-12 23:00:00,6.91,71.0
2025-11-13 00:00:00,7.68,77.3
2025-11-13 01:00:00,5.78,74.4
2025-11-13 02:00:00,4.15,76.7
2025-11-13 03:00:00,4.93,76.1
2025-11-13 04:00:00,3.41,79.8
2025-11-13 05:00:00,4.73,81.7
2025-11-13 06:00:00,6.29,83.2
2025-11-13 07:00:00,9.61,72.8
2025-11-13 08:00:00,7.77,69.3
2025-11-13 09:00:00,9.84,59.6
2025-11-13 10:00:00,12.91,65.5
2025-11-13 11:00:00,14.87,68.5
2025-11-13 12:00:00,15.07,58.3
2025-11-13 13:00:00,13.69,52.6
2025-11-13 14:00:00,15.61,60.5
2025-11-13 15:00:00,18.22,56.9
2025-11-13 16:00:00,15.02,55.0
2025-11-13 17:00:00,15.84,53.4
2025-11-13 18:00:00,14.36,57.7
2025-11-13 19:00:00,14.26,62.4
2025-11-13 20:00:00,12.63,59.2
2025-11-13 21:00:00,11.65,74.9
2025-11-13 22:00:00,8.25,69.4
2025-11-13 23:00:00,6.0,70.4
2025-11-14 00:00:00,6.89,72.7
2025-11-14 01:00:00,5.14,77.2
2025-11-14 02:00:00,3.59,79.5
2025-11-14 03:00:00,2.1,84.8
2025-11-14 04:00:00,3.23,78.5
2025-11-14 05:00:00,6.43,81.2
2025-11-14 06:00:00,3.59,81.1
2025-11-14 07:00:00,6.81,72.9
2025-11-14 08:00:00,9.05,73.3
2025-11-14 09:00:00,9.79,69.2
2025-11-14 10:00:00,12.2,66.7
2025-11-14 11:00:00,15.16,57.4
2025-11-14 12:00:00,15.24,61.5
2025-11-14 13:00:00,18.26,66.6
2025-11-14 14:00:00,16.5,51.4
2025-11-14 15:00:00,14.9,56.8
2025-11-14 16:00:00,16.59,54.2
2025-11-14 17:00:00,13.42,57.7
2025-11-14 18:00:00,12.96,56.1
2025-11-14 19:00:00,13.39,64.1
2025-11-14 20:00:00,10.02,64.2
2025-11-14 21:00:00,9.19,66.2
2025-11-14 22:00:00,7.1,71.5
2025-11-14 23:00:00,5.25,69.9
2025-11-15 00:00:00,4.24,72.3
2025-11-15 01:00:00,3.2,82.5
2025-11-15 02:00:00,4.96,78.8
2025-11-15 03:00:00,5.46,75.4
2025-11-15 04:00:00,3.59,77.9
2025-11-15 05:00:00,3.13,85.0
2025-11-15 06:00:00,5.88,74.4
2025-11-15 07:00:00,5.52,76.9
2025-11-15 08:00:00,9.59,70.1
2025-11-15 09:00:00,10.91,62.5
2025-11-15 10:00:00,8.78,70.1
2025-11-15 11:00:00,11.51,64.3
2025-11-15 12:00:00,13.74,54.2
2025-11-15 13:00:00,16.29,63.5
2025-11-15 14:00:00,16.76,58.4
2025-11-15 15:00:00,16.84,62.2
2025-11-15 16:00:00,15.19,53.1
2025-11-15 17:00:00,16.82,63.3
2025-11-15 18:00:00,13.41,59.0
2025-11-15 19:00:00,13.17,57.7
2025-11-15 20:00:00,12.07,63.4
2025-11-15 21:00:00,10.67,67.5
2025-11-15 22:00:00,7.68,75.5
2025-11-15 23:00:00,6.26,70.4
2025-11-16 00:00:00,5.64,82.7
2025-11-16 01:00:00,5.11,73.9
2025-11-16 02:00:00,4.41,83.6
2025-11-16 03:00:00,4.9,77.9
2025-11-16 04:00:00,2.95,82.8
2025-11-16 05:00:00,5.27,75.1
2025-11-16 06:00:00,5.6,79.0
2025-11-16 07:00:00,6.15,79.0
2025-11-16 08:00:00,7.8,63.6
2025-11-16 09:00:00,10.84,71.9
2025-11-16 10:00:00,11.9,73.4
2025-11-16 11:00:00,13.38,63.5
2025-11-16 12:00:00,16.04,59.6
2025-11-16 13:00:00,14.78,64.8
2025-11-16 14:00:00,15.39,52.1
2025-11-16 15:00:00,15.14,56.1
2025-11-16 16:00:00,17.79,53.5
2025-11-16 17:00:00,16.83,62.7
2025-11-16 18:00:00,13.25,69.4
2025-11-16 19:00:00,11.91,64.8
2025-11-16 20:00:00,10.18,60.9
2025-11-16 21:00:00,11.18,66.9
2025-11-16 22:00:00,7.92,71.7
2025-11-16 23:00:00,4.85,77.5
2025-11-17 00:00:00,6.68,78.6
2025-11-17 01:00:00,4.51,81.1
2025-11-17 02:00:00,3.17,81.6
2025-11-17 03:00:00,2.04,82.4
2025-11-17 04:00:00,4.11,81.3
2025-11-17 05:00:00,4.16,77.4
2025-11-17 06:00:00,5.44,78.8
2025-11-17 07:00:00,5.75,70.3
2025-11-17 08:00:00,8.51,70.6
2025-11-17 09:00:00,9.92,64.5
2025-11-17 10:00:00,10.84,68.6
2025-11-17 11:00:00,11.71,68.4
2025-11-17 12:00:00,14.74,63.3
2025-11-17 13:00:00,14.44,56.3
2025-11-17 14:00:00,16.61,54.8
2025-11-17 15:00:00,18.15,66.8
2025-11-17 16:00:00,16.29,57.9
2025-11-17 17:00:00,16.23,61.4
2025-11-17 18:00:00,13.63,55.0
2025-11-17 19:00:00,14.97,64.1
2025-11-17 20:00:00,12.42,63.6
2025-11-17 21:00:00,9.0,62.3
2025-11-17 22:00:00,9.34,70.8
2025-11-17 23:00:00,4.9,67.0
2025-11-18 00:00:00,5.96,81.4
2025-11-18 01:00:00,4.42,78.2
2025-11-18 02:00:00,3.21,80.0
2025-11-18 03:00:00,1.29,74.5
2025-11-18 04:00:00,4.26,85.2
2025-11-18 05:00:00,3.68,81.2
2025-11-18 06:00:00,5.55,74.8
2025-11-18 07:00:00,5.33,71.1
2025-11-18 08:00:00,8.96,65.5
2025-11-18 09:00:00,8.91,68.5
2025-11-18 10:00:00,11.12,62.6
2025-11-18 11:00:00,16.1,61.9
2025-11-18 12:00:00,12.42,62.5
2025-11-18 13:00:00,16.15,60.0
2025-11-18 14:00:00,17.05,55.0
2025-11-18 15:00:00,16.65,57.3
2025-11-18 16:00:00,15.64,58.9
2025-11-18 17:00:00,14.32,58.6
2025-11-18 18:00:00,15.04,63.6
2025-11-18 19:00:00,13.92,68.8
2025-11-18 20:00:00,12.8,66.1
2025-11-18 21:00:00,11.08,67.5
2025-11-18 22:00:00,6.77,68.5
2025-11-18 23:00:00,6.19,77.2
2025-11-19 00:00:00,4.45,76.1
2025-11-19 01:00:00,4.85,76.8
2025-11-19 02:00:00,3.04,83.5
2025-11-19 03:00:00,1.68,78.7
2025-11-19 04:00:00,4.54,76.3
2025-11-19 05:00:00,4.16,82.1
2025-11-19 06:00:00,3.9,74.8
2025-11-19 07:00:00,7.13,77.9
2025-11-19 08:00:00,6.25,70.6
2025-11-19 09:00:00,9.91,72.7
2025-11-19 10:00:00,10.93,64.7
2025-11-19 11:00:00,14.79,58.3
2025-11-19 12:00:00,15.01,58.6
2025-11-19 13:00:00,16.62,64.6
2025-11-19 14:00:00,14.58,51.6
2025-11-19 15:00:00,16.24,52.3
2025-11-19 16:00:00,17.88,59.1
2025-11-19 17:00:00,16.12,55.5
2025-11-19 18:00:00,13.91,56.7
2025-11-19 19:00:00,13.38,60.9
2025-11-19 20:00:00,11.29,66.2
2025-11-19 21:00:00,8.99,70.3
2025-11-19 22:00:00,8.73,74.1
2025-11-19 23:00:00,7.48,73.9
2025-11-20 00:00:00,6.17,76.5
2025-11-20 01:00:00,3.15,75.2
2025-11-20 02:00:00,3.5,76.7
2025-11-20 03:00:00,2.01,83.5
2025-11-20 04:00:00,3.53,78.0
2025-11-20 05:00:00,2.97,74.8
2025-11-20 06:00:00,4.78,77.1
2025-11-20 07:00:00,6.31,73.5
2025-11-20 08:00:00,7.72,69.7
2025-11-20 09:00:00,11.34,72.2
2025-11-20 10:00:00,10.81,66.9
2025-11-20 11:00:00,11.74,67.5
2025-11-20 12:00:00,11.79,59.2
2025-11-20 13:00:00,16.48,53.3
2025-11-20 14:00:00,14.73,58.3
2025-11-20 15:00:00,15.8,46.8
2025-11-20 16:00:00,15.66,53.9
2025-11-20 17:00:00,15.08,57.5
2025-11-20 18:00:00,14.82,61.3
2025-11-20 19:00:00,12.8,61.8
2025-11-20 20:00:00,10.69,68.7
2025-11-20 21:00:00,9.21,64.6
2025-11-20 22:00:00,7.31,68.4
2025-11-20 23:00:00,6.54,69.5
2025-11-21 00:00:00,7.95,73.5
2025-11-21 01:00:00,4.63,80.0
2025-11-21 02:00:00,3.52,84.6
2025-11-21 03:00:00,3.08,74.1
2025-11-21 04:00:00,4.01,76.9
2025-11-21 05:00:00,3.28,73.6
2025-11-21 06:00:00,5.88,78.7
2025-11-21 07:00:00,6.48,74.8
2025-11-21 08:00:00,7.87,70.8
2025-11-21 09:00:00,10.21,64.3
2025-11-21 10:00:00,12.14,61.7
2025-11-21 11:00:00,11.45,71.6
2025-11-21 12:00:00,13.7,63.9
2025-11-21 13:00:00,15.24,55.7
2025-11-21 14:00:00,16.24,57.4
2025-11-21 15:00:00,16.15,61.4
2025-11-21 16:00:00,18.0,57.8
2025-11-21 17:00:00,14.55,59.4
2025-11-21 18:00:00,13.46,60.0
2025-11-21 19:00:00,12.45,62.7
2025-11-21 20:00:00,12.89,60.5
2025-11-21 21:00:00,9.7,70.4
2025-11-21 22:00:00,9.22,69.8
2025-11-21 23:00:00,3.95,75.5
2025-11-22 00:00:00,,
2025-11-22 01:00:00,,
2025-11-22 02:00:00,,
2025-11-22 03:00:00,,
2025-11-22 04:00:00,,
2025-11-22 05:00:00,,
2025-11-22 06:00:00,,
2025-11-22 07:00:00,6.36,70.6
2025-11-22 08:00:00,6.7,65.8
2025-11-22 09:00:00,8.63,70.5
2025-11-22 10:00:00,11.54,60.6
2025-11-22 11:00:00,13.41,58.7
2025-11-22 12:00:00,14.5,63.1
2025-11-22 13:00:00,14.28,54.1
2025-11-22 14:00:00,16.43,54.1
2025-11-22 15:00:00,16.84,58.0
2025-11-22 16:00:00,14.06,57.0
2025-11-22 17:00:00,16.51,55.4
2025-11-22 18:00:00,12.94,61.7
2025-11-22 19:00:00,,
2025-11-22 20:00:00,11.32,66.1
2025-11-22 21:00:00,9.87,69.8
2025-11-22 22:00:00,7.86,73.2
2025-11-22 23:00:00,6.09,75.4
2025-11-23 00:00:00,4.61,74.3
2025-11-23 01:00:00,1.69,77.1
2025-11-23 02:00:00,3.24,83.4
2025-11-23 03:00:00,1.88,82.3
2025-11-23 04:00:00,2.36,80.7
2025-11-23 05:00:00,4.06,73.4
2025-11-23 06:00:00,5.1,82.2
2025-11-23 07:00:00,5.31,74.0
2025-11-23 08:00:00,6.99,67.3
2025-11-23 09:00:00,10.42,62.2
2025-11-23 10:00:00,10.96,63.2
2025-11-23 11:00:00,11.91,60.8
2025-11-23 12:00:00,13.75,61.6
2025-11-23 13:00:00,14.8,53.6
2025-11-23 14:00:00,12.99,64.3
2025-11-23 15:00:00,16.3,54.5
2025-11-23 16:00:00,14.7,54.2
2025-11-23 17:00:00,14.88,60.8
2025-11-23 18:00:00,13.53,59.3
2025-11-23 19:00:00,12.22,61.1
2025-11-23 20:00:00,10.93,64.0
2025-11-23 21:00:00,9.49,69.6
2025-11-23 22:00:00,8.95,70.9
2025-11-23 23:00:00,6.76,77.4
2025-11-24 00:00:00,3.84,82.6
2025-11-24 01:00:00,4.78,68.2
2025-11-24 02:00:00,4.11,75.5
2025-11-24 03:00:00,3.5,75.3
2025-11-24 04:00:00,4.58,78.8
2025-11-24 05:00:00,2.33,85.1
2025-11-24 06:00:00,3.59,82.1
2025-11-24 07:00:00,6.77,69.9
2025-11-24 08:00:00,8.67,68.6
2025-11-24 09:00:00,10.19,69.5
2025-11-24 10:00:00,9.85,67.4
2025-11-24 11:00:00,14.17,65.4
2025-11-24 12:00:00,15.05,52.2
2025-11-24 13:00:00,14.01,64.1
2025-11-24 14:00:00,18.06,53.7
2025-11-24 15:00:00,16.21,54.9
2025-11-24 16:00:00,15.13,52.8
2025-11-24 17:00:00,13.69,57.0
2025-11-24 18:00:00,11.98,65.1
2025-11-24 19:00:00,12.75,56.0
2025-11-24 20:00:00,11.21,66.9
2025-11-24 21:00:00,10.73,68.7
2025-11-24 22:00:00,9.08,60.2
2025-11-24 23:00:00,4.41,77.4
2025-11-25 00:00:00,3.87,69.4
2025-11-25 01:00:00,2.17,79.8
2025-11-25 02:00:00,2.72,84.3
2025-11-25 03:00:00,3.44,78.7
2025-11-25 04:00:00,2.32,76.3
2025-11-25 05:00:00,4.95,77.5
2025-11-25 06:00:00,5.97,69.8
2025-11-25 07:00:00,5.74,73.1
2025-11-25 08:00:00,7.71,71.3
2025-11-25 09:00:00,8.35,69.7
2025-11-25 10:00:00,10.45,63.7
2025-11-25 11:00:00,13.87,59.2
2025-11-25 12:00:00,15.1,63.7
2025-11-25 13:00:00,16.04,58.4
2025-11-25 14:00:00,15.09,57.9
2025-11-25 15:00:00,15.61,53.8
2025-11-25 16:00:00,13.9,59.5
2025-11-25 17:00:00,15.12,52.3
2025-11-25 18:00:00,13.6,56.2
2025-11-25 19:00:00,13.45,61.6
2025-11-25 20:00:00,11.22,63.3
2025-11-25 21:00:00,8.47,62.1
2025-11-25 22:00:00,7.1,75.7
2025-11-25 23:00:00,4.83,75.5
2025-11-26 00:00:00,5.64,77.8
2025-11-26 01:00:00,3.18,78.4
2025-11-26 02:00:00,2.99,80.5
2025-11-26 03:00:00,0.97,81.4
2025-11-26 04:00:00,2.34,85.8
2025-11-26 05:00:00,3.15,80.3
2025-11-26 06:00:00,3.59,73.0
2025-11-26 07:00:00,5.57,71.0
2025-11-26 08:00:00,7.63,72.9
2025-11-26 09:00:00,9.03,64.8
2025-11-26 10:00:00,11.28,67.8
2025-11-26 11:00:00,14.02,50.7
2025-11-26 12:00:00,12.26,55.1
2025-11-26 13:00:00,14.32,59.1
2025-11-26 14:00:00,15.76,57.7
2025-11-26 15:00:00,12.99,51.6
2025-11-26 16:00:00,16.04,50.8
2025-11-26 17:00:00,,
2025-11-26 18:00:00,14.89,58.7
2025-11-26 19:00:00,15.78,56.4
2025-11-26 20:00:00,11.17,60.2
2025-11-26 21:00:00,9.17,76.0
2025-11-26 22:00:00,8.26,70.8
2025-11-26 23:00:00,6.7,70.1
2025-11-27 00:00:00,5.25,72.7
2025-11-27 01:00:00,4.91,79.5
2025-11-27 02:00:00,3.48,79.5
2025-11-27 03:00:00,1.06,81.3
2025-11-27 04:00:00,1.92,77.0
2025-11-27 05:00:00,4.43,79.3
2025-11-27 06:00:00,6.05,77.3
2025-11-27 07:00:00,5.89,76.1
2025-11-27 08:00:00,7.57,74.3
2025-11-27 09:00:00,9.13,68.1
2025-11-27 10:00:00,11.63,60.6
2025-11-27 11:00:00,12.72,61.0
2025-11-27 12:00:00,14.94,55.3
2025-11-27 13:00:00,14.38,58.0
2025-11-27 14:00:00,,
2025-11-27 15:00:00,15.57,51.1
2025-11-27 16:00:00,13.69,50.5
2025-11-27 17:00:00,14.71,58.8
2025-11-27 18:00:00,12.81,59.2
2025-11-27 19:00:00,13.26,64.0
2025-11-27 20:00:00,11.65,60.5
2025-11-27 21:00:00,8.64,68.0
2025-11-27 22:00:00,8.75,68.5
2025-11-27 23:00:00,6.55,74.6
2025-11-28 00:00:00,5.41,70.7
2025-11-28 01:00:00,4.83,77.4
2025-11-28 02:00:00,3.36,82.4
2025-11-28 03:00:00,3.03,85.0
2025-11-28 04:00:00,2.77,78.3
2025-11-28 05:00:00,2.41,75.9
2025-11-28 06:00:00,3.77,76.7
2025-11-28 07:00:00,6.61,75.3
2025-11-28 08:00:00,6.97,75.4
2025-11-28 09:00:00,8.4,69.5
2025-11-28 10:00:00,11.15,61.2
2025-11-28 11:00:00,11.74,69.4
2025-11-28 12:00:00,13.33,63.2
2025-11-28 13:00:00,14.83,53.4
2025-11-28 14:00:00,15.33,58.0
2025-11-28 15:00:00,16.26,51.3
2025-11-28 16:00:00,15.6,57.1
2025-11-28 17:00:00,13.63,57.2
2025-11-28 18:00:00,13.63,62.5
2025-11-28 19:00:00,12.99,62.0
2025-11-28 20:00:00,12.16,57.0
2025-11-28 21:00:00,11.43,66.5
2025-11-28 22:00:00,6.07,62.0
2025-11-28 23:00:00,3.89,72.9
2025-11-29 00:00:00,4.79,77.6
2025-11-29 01:00:00,3.88,71.1
2025-11-29 02:00:00,2.49,83.6
2025-11-29 03:00:00,4.51,82.1
2025-11-29 04:00:00,3.34,77.0
2025-11-29 05:00:00,4.65,80.5
2025-11-29 06:00:00,3.66,71.6
2025-11-29 07:00:00,7.19,73.7
2025-11-29 08:00:00,7.4,72.2
2025-11-29 09:00:00,9.41,61.9
2025-11-29 10:00:00,10.16,66.7
2025-11-29 11:00:00,11.74,60.6
2025-11-29 12:00:00,13.14,59.8
2025-11-29 13:00:00,14.05,52.3
2025-11-29 14:00:00,12.07,57.0
2025-11-29 15:00:00,15.08,64.4
2025-11-29 16:00:00,15.09,60.1
2025-11-29 17:00:00,14.12,52.0
2025-11-29 18:00:00,14.09,64.5
2025-11-29 19:00:00,9.36,66.9
2025-11-29 20:00:00,,
2025-11-29 21:00:00,8.98,71.1
2025-11-29 22:00:00,7.03,68.8
2025-11-29 23:00:00,5.37,70.8
2025-11-30 00:00:00,3.91,70.8
2025-11-30 01:00:00,2.38,80.1
2025-11-30 02:00:00,3.3,83.8
2025-11-30 03:00:00,1.29,79.8
2025-11-30 04:00:00,0.16,82.5
2025-11-30 05:00:00,0.83,85.3
2025-11-30 06:00:00,5.17,80.8
2025-11-30 07:00:00,7.88,77.5
2025-11-30 08:00:00,7.9,65.6
2025-11-30 09:00:00,8.02,70.0
2025-11-30 10:00:00,10.94,68.7
2025-11-30 11:00:00,13.05,68.8
2025-11-30 12:00:00,13.15,59.2
2025-11-30 13:00:00,15.01,57.4
2025-11-30 14:00:00,15.29,56.7
2025-11-30 15:00:00,15.83,56.5
2025-11-30 16:00:00,15.18,65.8
2025-11-30 17:00:00,15.48,56.1
2025-11-30 18:00:00,14.3,61.9
2025-11-30 19:00:00,13.35,66.7
2025-11-30 20:00:00,10.95,72.6
2025-11-30 21:00:00,11.29,69.9
2025-11-30 22:00:00,8.49,79.2
2025-11-30 23:00:00,5.69,72.5
2025-12-01 00:00:00,2.93,77.1
2025-12-01 01:00:00,2.08,82.3
2025-12-01 02:00:00,4.22,78.9
2025-12-01 03:00:00,3.61,81.4
2025-12-01 04:00:00,2.49,76.7
2025-12-01 05:00:00,2.51,79.0
2025-12-01 06:00:00,4.83,74.0
2025-12-01 07:00:00,5.67,71.4
2025-12-01 08:00:00,6.61,69.0
2025-12-01 09:00:00,9.75,64.9
2025-12-01 10:00:00,12.42,63.4
2025-12-01 11:00:00,10.64,66.0
2025-12-01 12:00:00,14.07,64.2
2025-12-01 13:00:00,14.32,63.8
2025-12-01 14:00:00,14.1,53.9
2025-12-01 15:00:00,16.27,59.1
2025-12-01 16:00:00,14.39,56.6
2025-12-01 17:00:00,15.59,58.5
2025-12-01 18:00:00,13.14,58.2
2025-12-01 19:00:00,12.49,61.0
2025-12-01 20:00:00,12.06,65.8
2025-12-01 21:00:00,7.73,60.1
2025-12-01 22:00:00,7.52,69.7
2025-12-01 23:00:00,4.16,81.4
2025-12-02 00:00:00,3.39,78.7
2025-12-02 01:00:00,2.46,81.8
2025-12-02 02:00:00,2.69,81.8
2025-12-02 03:00:00,2.61,80.3
2025-12-02 04:00:00,2.32,81.4
2025-12-02 05:00:00,3.15,79.7
2025-12-02 06:00:00,3.38,70.6
2025-12-02 07:00:00,,
2025-12-02 08:00:00,8.18,68.3
2025-12-02 09:00:00,8.86,72.0
2025-12-02 10:00:00,11.61,73.5
2025-12-02 11:00:00,9.87,57.2
2025-12-02 12:00:00,14.46,60.9
2025-12-02 13:00:00,12.69,50.9
2025-12-02 14:00:00,14.3,55.2
2025-12-02 15:00:00,14.58,57.8
2025-12-02 16:00:00,14.61,52.1
2025-12-02 17:00:00,13.36,66.9
2025-12-02 18:00:00,13.38,54.2
2025-12-02 19:00:00,13.43,60.4
2025-12-02 20:00:00,12.02,68.9
2025-12-02 21:00:00,9.65,68.3
2025-12-02 22:00:00,7.08,73.9
2025-12-02 23:00:00,5.71,74.3
2025-12-03 00:00:00,3.53,75.5
2025-12-03 01:00:00,1.66,79.2
2025-12-03 02:00:00,1.21,84.3
2025-12-03 03:00:00,3.56,75.6
2025-12-03 04:00:00,0.84,78.3
2025-12-03 05:00:00,2.46,82.0
2025-12-03 06:00:00,3.73,71.8
2025-12-03 07:00:00,5.95,77.7
2025-12-03 08:00:00,7.59,72.5
2025-12-03 09:00:00,8.46,63.5
2025-12-03 10:00:00,9.39,63.5
2025-12-03 11:00:00,10.55,60.9
2025-12-03 12:00:00,12.51,52.7
2025-12-03 13:00:00,14.21,56.8
2025-12-03 14:00:00,14.77,54.1
2025-12-03 15:00:00,16.72,50.9
2025-12-03 16:00:00,12.3,60.5
2025-12-03 17:00:00,14.35,56.8
2025-12-03 18:00:00,12.54,59.2
2025-12-03 19:00:00,9.59,61.1
2025-12-03 20:00:00,9.06,65.0
2025-12-03 21:00:00,9.93,66.6
2025-12-03 22:00:00,5.8,73.3
2025-12-03 23:00:00,5.02,73.1
2025-12-04 00:00:00,5.68,80.2
2025-12-04 01:00:00,2.57,75.4
2025-12-04 02:00:00,1.76,80.4
2025-12-04 03:00:00,0.69,82.6
2025-12-04 04:00:00,2.86,75.0
2025-12-04 05:00:00,3.18,74.7
2025-12-04 06:00:00,4.64,74.0
2025-12-04 07:00:00,5.16,73.5
2025-12-04 08:00:00,7.1,70.7
2025-12-04 09:00:00,7.34,66.1
2025-12-04 10:00:00,11.36,64.7
2025-12-04 11:00:00,10.34,63.2
2025-12-04 12:00:00,13.82,61.6
2025-12-04 13:00:00,15.69,53.2
2025-12-04 14:00:00,13.83,56.9
2025-12-04 15:00:00,15.13,51.7
2025-12-04 16:00:00,14.1,54.5
2025-12-04 17:00:00,14.79,52.4
2025-12-04 18:00:00,14.19,57.8
2025-12-04 19:00:00,10.89,66.2
2025-12-04 20:00:00,10.08,63.1
2025-12-04 21:00:00,7.9,70.5
2025-12-04 22:00:00,7.51,70.5
2025-12-04 23:00:00,6.42,69.0
2025-12-05 00:00:00,4.52,67.9
2025-12-05 01:00:00,0.99,76.7
2025-12-05 02:00:00,1.74,81.0
2025-12-05 03:00:00,1.99,87.5
2025-12-05 04:00:00,0.79,83.2
2025-12-05 05:00:00,3.32,85.8
2025-12-05 06:00:00,4.72,78.4
2025-12-05 07:00:00,6.68,74.3
2025-12-05 08:00:00,8.11,72.3
2025-12-05 09:00:00,8.25,67.1
2025-12-05 10:00:00,10.72,60.5
2025-12-05 11:00:00,9.84,61.9
2025-12-05 12:00:00,14.12,53.4
2025-12-05 13:00:00,13.57,56.9
2025-12-05 14:00:00,14.79,62.8
2025-12-05 15:00:00,15.96,49.7
2025-12-05 16:00:00,12.83,57.7
2025-12-05 17:00:00,14.63,59.0
2025-12-05 18:00:00,12.9,54.7
2025-12-05 19:00:00,12.82,68.8
2025-12-05 20:00:00,9.65,68.4
2025-12-05 21:00:00,8.22,60.7
2025-12-05 22:00:00,5.78,71.0
2025-12-05 23:00:00,5.81,72.2
2025-12-06 00:00:00,4.62,70.4
2025-12-06 01:00:00,3.46,80.4
2025-12-06 02:00:00,1.09,83.7
2025-12-06 03:00:00,0.5,76.3
2025-12-06 04:00:00,1.29,85.4
2025-12-06 05:00:00,3.09,81.7
2025-12-06 06:00:00,3.29,74.3
2025-12-06 07:00:00,5.63,80.2
2025-12-06 08:00:00,7.65,70.0
2025-12-06 09:00:00,8.92,71.0
2025-12-06 10:00:00,9.61,61.9
2025-12-06 11:00:00,12.79,61.1
2025-12-06 12:00:00,14.69,63.3
2025-12-06 13:00:00,13.21,57.2
2025-12-06 14:00:00,15.04,57.6
2025-12-06 15:00:00,13.37,55.8
2025-12-06 16:00:00,15.12,55.6
2025-12-06 17:00:00,14.7,61.5
2025-12-06 18:00:00,11.66,56.0
2025-12-06 19:00:00,10.14,61.9
2025-12-06 20:00:00,10.23,57.8
2025-12-06 21:00:00,8.76,67.6
2025-12-06 22:00:00,7.15,71.6
2025-12-06 23:00:00,5.38,71.5
2025-12-07 00:00:00,4.5,80.8
2025-12-07 01:00:00,1.77,72.2
2025-12-07 02:00:00,1.98,88.8
2025-12-07 03:00:00,2.5,81.0
2025-12-07 04:00:00,0.96,80.7
2025-12-07 05:00:00,4.13,83.9
2025-12-07 06:00:00,2.75,74.7
2025-12-07 07:00:00,4.59,68.5
2025-12-07 08:00:00,6.33,69.7
2025-12-07 09:00:00,8.69,68.5
2025-12-07 10:00:00,8.54,65.1
2025-12-07 11:00:00,12.05,54.3
2025-12-07 12:00:00,11.27,59.7
2025-12-07 13:00:00,13.1,57.0
2025-12-07 14:00:00,15.3,54.1
2025-12-07 15:00:00,14.4,63.1
2025-12-07 16:00:00,13.84,46.2
2025-12-07 17:00:00,12.49,57.3
2025-12-07 18:00:00,11.34,65.6
2025-12-07 19:00:00,14.08,61.1
2025-12-07 20:00:00,9.89,69.6
2025-12-07 21:00:00,8.22,66.5
2025-12-07 22:00:00,3.89,63.4
2025-12-07 23:00:00,6.19,69.7
2025-12-08 00:00:00,1.25,73.3
2025-12-08 01:00:00,1.97,78.6
2025-12-08 02:00:00,2.21,74.5
2025-12-08 03:00:00,0.69,74.6
2025-12-08 04:00:00,1.61,80.7
2025-12-08 05:00:00,3.59,81.2
2025-12-08 06:00:00,4.11,70.1
2025-12-08 07:00:00,5.66,80.0
2025-12-08 08:00:00,7.42,64.6
2025-12-08 09:00:00,9.38,67.8
2025-12-08 10:00:00,7.52,68.5
2025-12-08 11:00:00,10.34,62.9
2025-12-08 12:00:00,12.26,59.2
2025-12-08 13:00:00,15.35,60.8
2025-12-08 14:00:00,15.47,55.6
2025-12-08 15:00:00,14.13,57.9
2025-12-08 16:00:00,14.32,58.0
2025-12-08 17:00:00,15.48,50.5
2025-12-08 18:00:00,13.98,52.2
2025-12-08 19:00:00,9.8,65.3
2025-12-08 20:00:00,11.61,63.9
2025-12-08 21:00:00,7.99,73.4
2025-12-08 22:00:00,8.72,71.0
2025-12-08 23:00:00,5.58,71.5
2025-12-09 00:00:00,1.95,79.6
2025-12-09 01:00:00,1.16,75.9
2025-12-09 02:00:00,-0.42,81.6
2025-12-09 03:00:00,0.21,76.2
2025-12-09 04:00:00,1.56,84.1
2025-12-09 05:00:00,3.18,82.5
2025-12-09 06:00:00,2.66,75.3
2025-12-09 07:00:00,5.89,73.7
2025-12-09 08:00:00,7.05,75.0
2025-12-09 09:00:00,8.24,67.5
2025-12-09 10:00:00,10.74,71.0
2025-12-09 11:00:00,11.83,59.1
2025-12-09 12:00:00,11.89,59.0
2025-12-09 13:00:00,13.21,61.3
2025-12-09 14:00:00,14.75,52.7
2025-12-09 15:00:00,15.85,52.2
2025-12-09 16:00:00,14.97,46.5
2025-12-09 17:00:00,14.44,53.8
2025-12-09 18:00:00,10.74,60.3
2025-12-09 19:00:00,13.07,66.6
2025-12-09 20:00:00,10.55,64.9
2025-12-09 21:00:00,8.52,66.4
2025-12-09 22:00:00,5.91,70.8
2025-12-09 23:00:00,6.23,75.8
2025-12-10 00:00:00,3.88,77.7
2025-12-10 01:00:00,3.05,73.3
2025-12-10 02:00:00,1.45,81.7
2025-12-10 03:00:00,1.31,87.8
2025-12-10 04:00:00,1.34,83.7
2025-12-10 05:00:00,2.14,72.8
2025-12-10 06:00:00,2.29,71.5
2025-12-10 07:00:00,6.04,76.4
2025-12-10 08:00:00,7.26,66.7
2025-12-10 09:00:00,7.46,72.2
2025-12-10 10:00:00,8.53,65.7
2025-12-10 11:00:00,,
2025-12-10 12:00:00,13.67,49.5
2025-12-10 13:00:00,12.36,50.7
2025-12-10 14:00:00,15.86,51.0
2025-12-10 15:00:00,13.99,54.3
2025-12-10 16:00:00,15.71,55.2
2025-12-10 17:00:00,13.27,55.2
2025-12-10 18:00:00,13.54,55.9
2025-12-10 19:00:00,10.69,61.3
2025-12-10 20:00:00,9.08,59.9
2025-12-10 21:00:00,5.77,71.4
2025-12-10 22:00:00,7.63,65.8
2025-12-10 23:00:00,4.76,72.9
2025-12-11 00:00:00,1.4,78.7
2025-12-11 01:00:00,0.75,81.7
2025-12-11 02:00:00,1.75,84.5
2025-12-11 03:00:00,1.48,79.4
2025-12-11 04:00:00,0.66,81.0
2025-12-11 05:00:00,1.15,76.7
2025-12-11 06:00:00,1.22,71.9
2025-12-11 07:00:00,4.12,69.9
2025-12-11 08:00:00,7.84,73.7
2025-12-11 09:00:00,9.5,66.0
2025-12-11 10:00:00,9.88,60.0
2025-12-11 11:00:00,10.8,60.6
2025-12-11 12:00:00,13.59,58.9
2025-12-11 13:00:00,14.88,56.5
2025-12-11 14:00:00,15.36,50.9
2025-12-11 15:00:00,14.58,51.5
2025-12-11 16:00:00,15.19,60.5
2025-12-11 17:00:00,12.46,57.3
2025-12-11 18:00:00,11.9,56.3
2025-12-11 19:00:00,10.45,64.8
2025-12-11 20:00:00,10.47,61.5
2025-12-11 21:00:00,8.99,61.4
2025-12-11 22:00:00,5.81,69.0
2025-12-11 23:00:00,5.86,77.1
2025-12-12 00:00:00,5.52,76.9
2025-12-12 01:00:00,-0.05,81.3
2025-12-12 02:00:00,2.43,77.9
2025-12-12 03:00:00,2.41,80.0
2025-12-12 04:00:00,1.18,83.8
2025-12-12 05:00:00,1.2,85.4
2025-12-12 06:00:00,2.6,80.2
2025-12-12 07:00:00,4.75,80.1
2025-12-12 08:00:00,5.89,63.2
2025-12-12 09:00:00,9.67,69.1
2025-12-12 10:00:00,9.61,68.3
2025-12-12 11:00:00,9.98,60.0
2025-12-12 12:00:00,14.45,58.2
2025-12-12 13:00:00,12.16,58.0
2025-12-12 14:00:00,15.45,59.7
2025-12-12 15:00:00,13.35,61.9
2025-12-12 16:00:00,14.9,57.8
2025-12-12 17:00:00,15.03,55.6
2025-12-12 18:00:00,13.6,60.6
2025-12-12 19:00:00,10.02,61.0
2025-12-12 20:00:00,9.18,60.1
2025-12-12 21:00:00,8.69,66.4
2025-12-12 22:00:00,8.52,82.8
2025-12-12 23:00:00,0.69,78.3
2025-12-13 00:00:00,3.02,79.7
2025-12-13 01:00:00,0.14,84.5
2025-12-13 02:00:00,2.13,82.5
2025-12-13 03:00:00,0.99,82.1
2025-12-13 04:00:00,1.07,74.6
2025-12-13 05:00:00,3.49,74.3
2025-12-13 06:00:00,3.41,83.0
2025-12-13 07:00:00,3.79,75.8
2025-12-13 08:00:00,7.37,68.8
2025-12-13 09:00:00,7.19,78.5
2025-12-13 10:00:00,8.8,70.3
2025-12-13 11:00:00,10.77,60.1
2025-12-13 12:00:00,12.25,54.1
2025-12-13 13:00:00,12.07,54.1
2025-12-13 14:00:00,14.0,59.2
2025-12-13 15:00:00,16.25,55.9
2025-12-13 16:00:00,13.13,51.2
2025-12-13 17:00:00,11.93,56.6
2025-12-13 18:00:00,10.46,58.4
2025-12-13 19:00:00,10.78,65.8
2025-12-13 20:00:00,9.32,69.3
2025-12-13 21:00:00,7.27,72.4
2025-12-13 22:00:00,6.11,72.4
2025-12-13 23:00:00,4.14,74.1
2025-12-14 00:00:00,1.01,71.6
2025-12-14 01:00:00,2.3,76.9
2025-12-14 02:00:00,3.72,76.0
2025-12-14 03:00:00,-0.18,74.8
2025-12-14 04:00:00,1.92,87.7
2025-12-14 05:00:00,5.51,77.4
2025-12-14 06:00:00,3.07,66.1
2025-12-14 07:00:00,4.96,82.3
2025-12-14 08:00:00,5.74,68.9
2025-12-14 09:00:00,8.0,67.8
2025-12-14 10:00:00,8.32,66.3
2025-12-14 11:00:00,11.98,58.1
2025-12-14 12:00:00,11.33,63.8
2025-12-14 13:00:00,12.49,57.0
2025-12-14 14:00:00,11.98,56.1
2025-12-14 15:00:00,13.28,52.7
2025-12-14 16:00:00,14.6,53.6
2025-12-14 17:00:00,14.88,52.4
2025-12-14 18:00:00,12.51,49.6
2025-12-14 19:00:00,9.99,70.0
2025-12-14 20:00:00,9.12,64.7
2025-12-14 21:00:00,6.22,66.3
2025-12-14 22:00:00,4.97,68.0
2025-12-14 23:00:00,2.83,71.1
2025-12-15 00:00:00,2.67,73.3
2025-12-15 01:00:00,,
2025-12-15 02:00:00,1.95,75.9
2025-12-15 03:00:00,1.92,80.7
2025-12-15 04:00:00,1.23,81.5
2025-12-15 05:00:00,2.91,78.4
2025-12-15 06:00:00,4.41,74.2
2025-12-15 07:00:00,4.91,71.1
2025-12-15 08:00:00,7.61,68.9
2025-12-15 09:00:00,7.37,69.2
2025-12-15 10:00:00,9.32,64.6
2025-12-15 11:00:00,10.26,62.8
2025-12-15 12:00:00,14.04,63.2
2025-12-15 13:00:00,11.85,56.5
2025-12-15 14:00:00,14.68,51.2
2025-12-15 15:00:00,14.82,58.2
2025-12-15 16:00:00,15.69,55.7
2025-12-15 17:00:00,13.17,51.4
2025-12-15 18:00:00,13.5,53.2
2025-12-15 19:00:00,10.63,63.1
2025-12-15 20:00:00,9.72,70.1
2025-12-15 21:00:00,4.67,70.6
2025-12-15 22:00:00,8.07,70.6
2025-12-15 23:00:00,4.69,78.8
2025-12-16 00:00:00,0.15,76.1
2025-12-16 01:00:00,2.11,72.7
2025-12-16 02:00:00,-0.42,79.6
2025-12-16 03:00:00,0.38,83.8
2025-12-16 04:00:00,4.07,84.3
2025-12-16 05:00:00,2.25,87.7
2025-12-16 06:00:00,2.83,72.2
2025-12-16 07:00:00,4.6,68.5
2025-12-16 08:00:00,5.7,65.7
2025-12-16 09:00:00,8.22,62.7
2025-12-16 10:00:00,9.95,60.3
2025-12-16 11:00:00,11.15,63.4
2025-12-16 12:00:00,13.43,59.1
2025-12-16 13:00:00,12.91,54.6
2025-12-16 14:00:00,12.9,55.1
2025-12-16 15:00:00,13.86,62.0
2025-12-16 16:00:00,12.97,60.8
2025-12-16 17:00:00,13.48,47.1
2025-12-16 18:00:00,12.02,51.3
2025-12-16 19:00:00,10.75,61.5
2025-12-16 20:00:00,10.33,62.7
2025-12-16 21:00:00,10.05,64.6
2025-12-16 22:00:00,8.03,80.3
2025-12-16 23:00:00,4.64,69.2
2025-12-17 00:00:00,1.9,81.5
2025-12-17 01:00:00,2.03,73.9
2025-12-17 02:00:00,0.99,74.7
2025-12-17 03:00:00,1.86,76.6
2025-12-17 04:00:00,-0.08,77.3
2025-12-17 05:00:00,0.03,82.0
2025-12-17 06:00:00,1.65,79.9
2025-12-17 07:00:00,4.15,69.2
2025-12-17 08:00:00,4.79,72.7
2025-12-17 09:00:00,9.43,62.9
2025-12-17 10:00:00,8.99,63.2
2025-12-17 11:00:00,12.72,60.9
2025-12-17 12:00:00,11.62,62.1
2025-12-17 13:00:00,13.61,60.2
2025-12-17 14:00:00,13.25,61.3
2025-12-17 15:00:00,12.27,53.8
2025-12-17 16:00:00,12.39,46.4
2025-12-17 17:00:00,13.32,56.1
2025-12-17 18:00:00,11.17,69.0
2025-12-17 19:00:00,9.37,63.6
2025-12-17 20:00:00,8.99,64.0
2025-12-17 21:00:00,6.81,70.3
2025-12-17 22:00:00,5.28,69.3
2025-12-17 23:00:00,3.8,73.6
2025-12-18 00:00:00,3.03,75.1
2025-12-18 01:00:00,0.04,80.3
2025-12-18 02:00:00,0.33,78.7
2025-12-18 03:00:00,0.01,78.0
2025-12-18 04:00:00,1.04,75.9
2025-12-18 05:00:00,1.11,84.8
2025-12-18 06:00:00,4.46,77.0
2025-12-18 07:00:00,4.48,73.0
2025-12-18 08:00:00,5.38,71.4
2025-12-18 09:00:00,5.09,61.5
2025-12-18 10:00:00,9.24,66.0
2025-12-18 11:00:00,10.42,60.5
2025-12-18 12:00:00,12.13,61.2
2025-12-18 13:00:00,15.83,53.8
2025-12-18 14:00:00,13.28,48.9
2025-12-18 15:00:00,14.21,51.7
2025-12-18 16:00:00,13.71,56.1
2025-12-18 17:00:00,13.61,58.2
2025-12-18 18:00:00,12.43,59.6
2025-12-18 19:00:00,9.42,64.8
2025-12-18 20:00:00,9.67,66.6
2025-12-18 21:00:00,7.97,64.6
2025-12-18 22:00:00,5.64,75.3
2025-12-18 23:00:00,3.12,77.8
2025-12-19 00:00:00,1.11,77.5
2025-12-19 01:00:00,1.14,80.5
2025-12-19 02:00:00,0.42,84.4
2025-12-19 03:00:00,1.53,80.4
2025-12-19 04:00:00,3.48,83.3
2025-12-19 05:00:00,2.0,80.9
2025-12-19 06:00:00,1.77,73.4
2025-12-19 07:00:00,3.05,72.9
2025-12-19 08:00:00,6.25,69.1
2025-12-19 09:00:00,7.56,65.3
2025-12-19 10:00:00,8.53,67.6
2025-12-19 11:00:00,11.95,62.7
2025-12-19 12:00:00,12.53,60.7
2025-12-19 13:00:00,10.25,55.9
2025-12-19 14:00:00,14.77,62.6
2025-12-19 15:00:00,14.39,61.2
2025-12-19 16:00:00,13.41,62.9
2025-12-19 17:00:00,11.69,54.4
2025-12-19 18:00:00,10.38,56.8
2025-12-19 19:00:00,10.19,58.0
2025-12-19 20:00:00,10.12,65.6
2025-12-19 21:00:00,6.07,65.0
2025-12-19 22:00:00,3.75,66.9
2025-12-19 23:00:00,5.35,71.8
2025-12-20 00:00:00,1.0,78.2
2025-12-20 01:00:00,1.04,73.3
2025-12-20 02:00:00,-0.08,87.0
2025-12-20 03:00:00,0.76,81.5
2025-12-20 04:00:00,0.61,86.0
2025-12-20 05:00:00,1.24,73.6
2025-12-20 06:00:00,1.97,77.3
2025-12-20 07:00:00,3.54,78.4
2025-12-20 08:00:00,4.93,69.2
2025-12-20 09:00:00,6.11,69.1
2025-12-20 10:00:00,6.45,63.8
2025-12-20 11:00:00,10.28,61.8
2025-12-20 12:00:00,12.12,57.2
2025-12-20 13:00:00,12.71,51.4
2025-12-20 14:00:00,14.39,58.3
2025-12-20 15:00:00,13.08,53.9
2025-12-20 16:00:00,13.83,56.8
2025-12-20 17:00:00,14.49,56.8
2025-12-20 18:00:00,10.57,62.3
2025-12-20 19:00:00,10.54,58.6
2025-12-20 20:00:00,8.27,61.4
2025-12-20 21:00:00,6.57,66.5
2025-12-20 22:00:00,6.48,74.0
2025-12-20 23:00:00,5.45,76.5
2025-12-21 00:00:00,3.39,72.2
2025-12-21 01:00:00,2.39,80.9
2025-12-21 02:00:00,0.94,79.1
2025-12-21 03:00:00,1.22,76.3
2025-12-21 04:00:00,-2.4,74.0
2025-12-21 05:00:00,0.83,74.2
2025-12-21 06:00:00,1.49,81.0
2025-12-21 07:00:00,3.8,79.0
2025-12-21 08:00:00,6.22,73.8
2025-12-21 09:00:00,6.6,69.9
2025-12-21 10:00:00,8.71,67.2
2025-12-21 11:00:00,9.41,66.7
2025-12-21 12:00:00,11.42,52.7
2025-12-21 13:00:00,13.14,61.4
2025-12-21 14:00:00,12.07,57.5
2025-12-21 15:00:00,11.46,55.5
2025-12-21 16:00:00,13.58,54.0
2025-12-21 17:00:00,12.58,61.2
2025-12-21 18:00:00,11.16,52.9
2025-12-21 19:00:00,9.69,69.8
2025-12-21 20:00:00,7.48,63.1
2025-12-21 21:00:00,,
2025-12-21 22:00:00,6.28,75.4
2025-12-21 23:00:00,3.57,73.5
2025-12-22 00:00:00,3.37,72.8
2025-12-22 01:00:00,0.27,79.3
2025-12-22 02:00:00,1.4,76.9
2025-12-22 03:00:00,-0.02,86.4
2025-12-22 04:00:00,0.73,80.0
2025-12-22 05:00:00,1.98,81.0
2025-12-22 06:00:00,1.04,80.8
2025-12-22 07:00:00,2.39,75.3
2025-12-22 08:00:00,4.59,61.5
2025-12-22 09:00:00,6.43,61.7
2025-12-22 10:00:00,9.38,67.2
2025-12-22 11:00:00,10.27,64.6
2025-12-22 12:00:00,10.28,58.6
2025-12-22 13:00:00,13.26,55.1
2025-12-22 14:00:00,12.47,60.6
2025-12-22 15:00:00,12.39,58.1
2025-12-22 16:00:00,12.68,52.2
2025-12-22 17:00:00,13.24,56.9
2025-12-22 18:00:00,10.98,57.5
2025-12-22 19:00:00,11.78,57.8
2025-12-22 20:00:00,6.99,63.0
2025-12-22 21:00:00,8.37,67.6
2025-12-22 22:00:00,6.81,67.2
2025-12-22 23:00:00,3.27,71.1
2025-12-23 00:00:00,3.31,70.5
2025-12-23 01:00:00,0.62,70.8
2025-12-23 02:00:00,0.41,77.4
2025-12-23 03:00:00,-1.43,77.7
2025-12-23 04:00:00,0.21,84.3
2025-12-23 05:00:00,0.49,82.2
2025-12-23 06:00:00,0.45,77.2
2025-12-23 07:00:00,3.92,72.4
2025-12-23 08:00:00,3.96,72.3
2025-12-23 09:00:00,9.84,62.6
2025-12-23 10:00:00,8.01,61.3
2025-12-23 11:00:00,10.56,59.8
2025-12-23 12:00:00,9.75,57.2
2025-12-23 13:00:00,11.17,50.9
2025-12-23 14:00:00,14.2,57.5
2025-12-23 15:00:00,13.49,53.4
2025-12-23 16:00:00,12.31,58.4
2025-12-23 17:00:00,12.59,64.0
2025-12-23 18:00:00,10.7,62.8
2025-12-23 19:00:00,10.28,66.1
2025-12-23 20:00:00,9.53,67.7
2025-12-23 21:00:00,6.94,63.6
2025-12-23 22:00:00,6.21,70.6
2025-12-23 23:00:00,2.47,72.7
2025-12-24 00:00:00,1.47,81.8
2025-12-24 01:00:00,1.94,82.7
2025-12-24 02:00:00,0.38,74.4
2025-12-24 03:00:00,-2.23,78.8
2025-12-24 04:00:00,-0.32,80.5
2025-12-24 05:00:00,1.14,75.4
2025-12-24 06:00:00,,
2025-12-24 07:00:00,3.07,79.7
2025-12-24 08:00:00,7.38,68.8
2025-12-24 09:00:00,6.85,70.4
2025-12-24 10:00:00,8.97,64.3
2025-12-24 11:00:00,9.3,65.3
2025-12-24 12:00:00,12.97,55.6
2025-12-24 13:00:00,12.22,58.8
2025-12-24 14:00:00,12.82,54.0
2025-12-24 15:00:00,12.59,56.2
2025-12-24 16:00:00,13.67,58.5
2025-12-24 17:00:00,16.0,62.0
2025-12-24 18:00:00,11.62,56.2
2025-12-24 19:00:00,10.95,63.8
2025-12-24 20:00:00,6.26,65.1
2025-12-24 21:00:00,6.18,66.9
2025-12-24 22:00:00,4.06,73.7
2025-12-24 23:00:00,2.55,70.9
2025-12-25 00:00:00,1.49,71.2
2025-12-25 01:00:00,0.32,78.7
2025-12-25 02:00:00,0.31,86.7
2025-12-25 03:00:00,0.69,81.2
2025-12-25 04:00:00,1.28,83.3
2025-12-25 05:00:00,1.36,74.7
2025-12-25 06:00:00,2.0,72.7
2025-12-25 07:00:00,3.68,76.0
2025-12-25 08:00:00,4.3,69.9
2025-12-25 09:00:00,5.43,69.7
2025-12-25 10:00:00,9.48,62.2
2025-12-25 11:00:00,9.83,56.6
2025-12-25 12:00:00,10.64,57.7
2025-12-25 13:00:00,12.55,57.4
2025-12-25 14:00:00,13.22,62.5
2025-12-25 15:00:00,12.15,60.4
2025-12-25 16:00:00,12.49,64.5
2025-12-25 17:00:00,10.5,52.8
2025-12-25 18:00:00,10.54,56.8
2025-12-25 19:00:00,9.36,61.1
2025-12-25 20:00:00,9.17,56.9
2025-12-25 21:00:00,5.22,76.2
2025-12-25 22:00:00,5.39,68.8
2025-12-25 23:00:00,5.19,72.9
2025-12-26 00:00:00,2.26,76.6
2025-12-26 01:00:00,-0.68,80.1
2025-12-26 02:00:00,-0.56,87.5
2025-12-26 03:00:00,-0.88,81.2
2025-12-26 04:00:00,1.73,80.3
2025-12-26 05:00:00,2.49,83.6
2025-12-26 06:00:00,-0.93,78.8
2025-12-26 07:00:00,2.14,73.0
2025-12-26 08:00:00,4.65,67.1
2025-12-26 09:00:00,7.0,61.1
2025-12-26 10:00:00,7.96,71.4
2025-12-26 11:00:00,11.81,58.2
2025-12-26 12:00:00,12.93,56.3
2025-12-26 13:00:00,13.93,57.7
2025-12-26 14:00:00,11.67,54.9
2025-12-26 15:00:00,13.37,51.4
2025-12-26 16:00:00,11.62,51.3
2025-12-26 17:00:00,12.68,50.7
2025-12-26 18:00:00,9.84,63.5
2025-12-26 19:00:00,10.28,64.6
2025-12-26 20:00:00,9.82,71.6
2025-12-26 21:00:00,4.69,66.1
2025-12-26 22:00:00,2.99,68.8
2025-12-26 23:00:00,1.69,79.6
2025-12-27 00:00:00,0.61,78.7
2025-12-27 01:00:00,1.61,76.9
2025-12-27 02:00:00,0.42,84.6
2025-12-27 03:00:00,-0.17,78.7
2025-12-27 04:00:00,,
2025-12-27 05:00:00,2.48,82.4
2025-12-27 06:00:00,1.1,69.9
2025-12-27 07:00:00,4.41,72.9
2025-12-27 08:00:00,5.66,68.7
2025-12-27 09:00:00,6.04,71.8
2025-12-27 10:00:00,7.48,68.0
2025-12-27 11:00:00,10.86,65.9
2025-12-27 12:00:00,10.97,56.8
2025-12-27 13:00:00,11.82,61.6
2025-12-27 14:00:00,12.98,56.8
2025-12-27 15:00:00,13.15,51.8
2025-12-27 16:00:00,12.13,51.5
2025-12-27 17:00:00,12.8,59.7
2025-12-27 18:00:00,11.72,58.6
2025-12-27 19:00:00,8.49,59.1
2025-12-27 20:00:00,7.52,65.1
2025-12-27 21:00:00,5.93,65.6
2025-12-27 22:00:00,4.72,77.3
2025-12-27 23:00:00,2.58,81.8
2025-12-28 00:00:00,3.21,69.8
2025-12-28 01:00:00,-1.03,82.3
2025-12-28 02:00:00,0.95,80.8
2025-12-28 03:00:00,-1.1,82.3
2025-12-28 04:00:00,1.06,83.0
2025-12-28 05:00:00,1.1,81.2
2025-12-28 06:00:00,2.5,72.3
2025-12-28 07:00:00,2.59,69.0
2025-12-28 08:00:00,5.8,70.2
2025-12-28 09:00:00,5.23,66.6
2025-12-28 10:00:00,7.34,70.9
2025-12-28 11:00:00,10.05,73.5
2025-12-28 12:00:00,12.06,59.6
2025-12-28 13:00:00,11.28,56.2
2025-12-28 14:00:00,14.28,63.5
2025-12-28 15:00:00,12.53,55.2
2025-12-28 16:00:00,12.66,56.7
2025-12-28 17:00:00,12.04,50.1
2025-12-28 18:00:00,12.04,45.1
2025-12-28 19:00:00,8.97,59.9
2025-12-28 20:00:00,8.17,72.4
2025-12-28 21:00:00,6.28,72.9
2025-12-28 22:00:00,4.84,73.5
2025-12-28 23:00:00,4.11,71.4
2025-12-29 00:00:00,2.6,75.7
2025-12-29 01:00:00,1.3,79.4
2025-12-29 02:00:00,0.76,77.2
2025-12-29 03:00:00,,
2025-12-29 04:00:00,-0.94,83.8
2025-12-29 05:00:00,1.56,77.0
2025-12-29 06:00:00,1.72,67.4
2025-12-29 07:00:00,4.15,75.0
2025-12-29 08:00:00,4.19,71.1
2025-12-29 09:00:00,5.05,63.8
2025-12-29 10:00:00,7.3,66.8
2025-12-29 11:00:00,7.64,61.6
2025-12-29 12:00:00,11.57,49.8
2025-12-29 13:00:00,10.26,58.8
2025-12-29 14:00:00,13.44,49.9
2025-12-29 15:00:00,11.56,54.3
2025-12-29 16:00:00,12.31,58.9
2025-12-29 17:00:00,10.78,59.0
2025-12-29 18:00:00,11.06,58.7
2025-12-29 19:00:00,9.98,67.5
2025-12-29 20:00:00,7.21,55.8
2025-12-29 21:00:00,5.47,64.1
2025-12-29 22:00:00,5.16,68.8
2025-12-29 23:00:00,3.52,71.1
2025-12-30 00:00:00,1.0,73.5
2025-12-30 01:00:00,0.7,83.1
2025-12-30 02:00:00,0.03,76.9
2025-12-30 03:00:00,-1.76,85.1
2025-12-30 04:00:00,0.44,81.7
2025-12-30 05:00:00,2.24,77.9
2025-12-30 06:00:00,2.43,73.2
2025-12-30 07:00:00,3.82,74.4
2025-12-30 08:00:00,5.28,64.8
2025-12-30 09:00:00,5.4,67.5
2025-12-30 10:00:00,8.57,63.3
2025-12-30 11:00:00,8.17,63.7
2025-12-30 12:00:00,9.75,60.0
2025-12-30 13:00:00,13.61,52.5
2025-12-30 14:00:00,10.38,58.6
2025-12-30 15:00:00,12.38,57.0
2025-12-30 16:00:00,10.81,53.6
2025-12-30 17:00:00,11.35,53.7
2025-12-30 18:00:00,10.48,53.3
2025-12-30 19:00:00,7.7,56.5
2025-12-30 20:00:00,9.87,63.4
2025-12-30 21:00:00,6.91,65.1
2025-12-30 22:00:00,3.1,68.6
2025-12-30 23:00:00,1.44,74.8
2025-12-31 00:00:00,2.12,76.7
2025-12-31 01:00:00,-0.18,81.1
2025-12-31 02:00:00,-1.38,82.7
2025-12-31 03:00:00,-1.61,80.2
2025-12-31 04:00:00,,
2025-12-31 05:00:00,1.34,78.4
2025-12-31 06:00:00,4.56,78.6
2025-12-31 07:00:00,2.83,78.8
2025-12-31 08:00:00,3.36,72.8
2025-12-31 09:00:00,6.35,77.8
2025-12-31 10:00:00,6.02,70.6
2025-12-31 11:00:00,9.5,54.5
2025-12-31 12:00:00,10.14,55.0
2025-12-31 13:00:00,12.56,62.6
2025-12-31 14:00:00,12.16,57.0
2025-12-31 15:00:00,14.17,50.9
2025-12-31 16:00:00,11.67,55.9
2025-12-31 17:00:00,11.13,51.1
2025-12-31 18:00:00,11.2,57.3
2025-12-31 19:00:00,10.72,57.2
2025-12-31 20:00:00,7.71,63.9
2025-12-31 21:00:00,6.79,67.0
2025-12-31 22:00:00,4.98,70.4
2025-12-31 23:00:00,3.81,78.4
